,Original Raw Gloss,Lemma,SameLemmaGloss,Path,Sentence Video
0,PATO,pato,0,DIECISIETE_ORACION_2/PATO_2.mp4,DIECISIETE_ORACION_2.mp4
1,DIECISIETE,diecisiete,0,DIECISIETE_ORACION_2/DIECISIETE_3.mp4,DIECISIETE_ORACION_2.mp4
2,CUANTO,cuanto,0,DIECISIETE_ORACION_2/CUANTO_1.mp4,DIECISIETE_ORACION_2.mp4
3,COMER-MANZANA,comer,0,CAPTAR_ORACION_1/COMER-MANZANA_3.mp4,CAPTAR_ORACION_1.mp4
4,YO,yo,0,CAPTAR_ORACION_1/YO_1.mp4,CAPTAR_ORACION_1.mp4
5,QUIEN,quien,0,CAPTAR_ORACION_1/QUIEN_4.mp4,CAPTAR_ORACION_1.mp4
6,CAPTAR,captar,0,CAPTAR_ORACION_1/CAPTAR_2.mp4,CAPTAR_ORACION_1.mp4
7,CAPTAR,captar,0,CAPTAR_ORACION_1/CAPTAR_5.mp4,CAPTAR_ORACION_1.mp4
8,VER,ver,0,HOMBRE_ORACION_1/VER_2.mp4,HOMBRE_ORACION_1.mp4
9,YO,yo,0,HOMBRE_ORACION_1/YO_1.mp4,HOMBRE_ORACION_1.mp4
10,UNO,uno,0,HOMBRE_ORACION_1/UNO_3.mp4,HOMBRE_ORACION_1.mp4
11,HOMBRE,hombre,0,HOMBRE_ORACION_1/HOMBRE_4.mp4,HOMBRE_ORACION_1.mp4
12,PLAYA,playa,0,HOMBRE_ORACION_1/PLAYA_6.mp4,HOMBRE_ORACION_1.mp4
13,CAMINAR-PERSONA,caminar,0,HOMBRE_ORACION_1/CAMINAR-PERSONA_5.mp4,HOMBRE_ORACION_1.mp4
14,YO,yo,0,PELOTA_ORACION_1/YO_1.mp4,PELOTA_ORACION_1.mp4
15,COMPRAR,comprar,0,PELOTA_ORACION_1/COMPRAR_2.mp4,PELOTA_ORACION_1.mp4
16,PELOTA,pelota,0,PELOTA_ORACION_1/PELOTA_3.mp4,PELOTA_ORACION_1.mp4
17,MATEMATICA,matematica,0,DIFICIL_ORACION_1/MATEMATICA_1.mp4,DIFICIL_ORACION_1.mp4
18,DIFICIL,dificil,0,DIFICIL_ORACION_1/DIFICIL_2.mp4,DIFICIL_ORACION_1.mp4
19,FIRMAR,firmar,0,CASAR_ORACION_1/FIRMAR_6.mp4,CASAR_ORACION_1.mp4
20,YA,ya,0,CASAR_ORACION_1/YA_7.mp4,CASAR_ORACION_1.mp4
21,YO,yo,0,CASAR_ORACION_1/YO_1.mp4,CASAR_ORACION_1.mp4
22,CAMINAR-PERSONA,caminar,0,CASAR_ORACION_1/CAMINAR-PERSONA_2.mp4,CASAR_ORACION_1.mp4
23,SENTAR,sentar,0,CASAR_ORACION_1/SENTAR_3.mp4,CASAR_ORACION_1.mp4
24,CASAR,casar,0,CASAR_ORACION_1/CASAR_8.mp4,CASAR_ORACION_1.mp4
25,FIRMAR,firmar,0,CASAR_ORACION_1/FIRMAR_5.mp4,CASAR_ORACION_1.mp4
26,LIBRO,libro,0,CASAR_ORACION_1/LIBRO_4.mp4,CASAR_ORACION_1.mp4
27,DOS,dos,0,JUNTOS_ORACION_1/DOS_2.mp4,JUNTOS_ORACION_1.mp4
28,VAMOS,vamos,0,JUNTOS_ORACION_1/VAMOS_1.mp4,JUNTOS_ORACION_1.mp4
29,JUNTOS,junto,0,JUNTOS_ORACION_1/JUNTOS_3.mp4,JUNTOS_ORACION_1.mp4
30,HORA,hora,0,CHAU_ORACION_2/HORA_4.mp4,CHAU_ORACION_2.mp4
31,BUENO,bueno,0,CHAU_ORACION_2/BUENO_1.mp4,CHAU_ORACION_2.mp4
32,CHAU,chau,0,CHAU_ORACION_2/CHAU_6.mp4,CHAU_ORACION_2.mp4
33,CONVERSAR,conversar,0,CHAU_ORACION_2/CONVERSAR_2.mp4,CHAU_ORACION_2.mp4
34,YA,ya,0,CHAU_ORACION_2/YA_3.mp4,CHAU_ORACION_2.mp4
35,BUENO,bueno,0,CHAU_ORACION_2/BUENO_5.mp4,CHAU_ORACION_2.mp4
36,DINERO,dinero,0,ADIVINA_ORACION_1/DINERO_2.mp4,ADIVINA_ORACION_1.mp4
37,SABER,saber,0,ADIVINA_ORACION_1/SABER_1.mp4,ADIVINA_ORACION_1.mp4
38,CURIOSIDAD,curiosidad,0,ADIVINA_ORACION_1/CURIOSIDAD_4.mp4,ADIVINA_ORACION_1.mp4
39,ADIVINA,adivina,0,ADIVINA_ORACION_1/ADIVINA_5.mp4,ADIVINA_ORACION_1.mp4
40,ROBAR,robar,0,ADIVINA_ORACION_1/ROBAR_3.mp4,ADIVINA_ORACION_1.mp4
41,VER,ver,0,CAPTAR_ORACION_3/VER_6.mp4,CAPTAR_ORACION_3.mp4
42,YA,ya,0,CAPTAR_ORACION_3/YA_8.mp4,CAPTAR_ORACION_3.mp4
43,YO,yo,0,CAPTAR_ORACION_3/YO_1.mp4,CAPTAR_ORACION_3.mp4
44,ENCONTRARSE,encontrar él,0,CAPTAR_ORACION_3/ENCONTRARSE_3.mp4,CAPTAR_ORACION_3.mp4
45,YO,yo,0,CAPTAR_ORACION_3/YO_5.mp4,CAPTAR_ORACION_3.mp4
46,ATRAPAR,atrapar,0,CAPTAR_ORACION_3/ATRAPAR_7.mp4,CAPTAR_ORACION_3.mp4
47,SEÑAR,señar ,0,CAPTAR_ORACION_3/SEÑAR_4.mp4,CAPTAR_ORACION_3.mp4
48,YA-VER,ya,0,CAPTAR_ORACION_3/YA-VER_2.mp4,CAPTAR_ORACION_3.mp4
49,CORNUDO,cornudo,0,CORNUDO_ORACION_3/CORNUDO_1.mp4,CORNUDO_ORACION_3.mp4
50,LIBROS,libro,0,CAJON_ORACION_2/LIBROS_1.mp4,CAJON_ORACION_2.mp4
51,YA,ya,0,CAJON_ORACION_2/YA_5.mp4,CAJON_ORACION_2.mp4
52,GUARDAR,guardar,0,CAJON_ORACION_2/GUARDAR_2.mp4,CAJON_ORACION_2.mp4
53,ABRIR-CAJÓN,abrir,0,CAJON_ORACION_2/ABRIR-CAJÓN_4.mp4,CAJON_ORACION_2.mp4
54,VER,ver,0,CAJON_ORACION_2/VER_3.mp4,CAJON_ORACION_2.mp4
55,EMPUJAR,empujar,0,CAJON_ORACION_2/EMPUJAR_6.mp4,CAJON_ORACION_2.mp4
56,POR-FAVOR,por,0,ENTRAR_ORACION_2/POR-FAVOR_2.mp4,ENTRAR_ORACION_2.mp4
57,ENTRAR,entrar,0,ENTRAR_ORACION_2/ENTRAR_3.mp4,ENTRAR_ORACION_2.mp4
58,OYE,oye,0,ENTRAR_ORACION_2/OYE_1.mp4,ENTRAR_ORACION_2.mp4
59,DORMIR,dormir,0,AMANECER_ORACION_3/DORMIR_1.mp4,AMANECER_ORACION_3.mp4
60,TODA-LA-NOCHE,todo,0,AMANECER_ORACION_3/TODA-LA-NOCHE_2.mp4,AMANECER_ORACION_3.mp4
61,AMANECER,amanecer,0,AMANECER_ORACION_3/AMANECER_3.mp4,AMANECER_ORACION_3.mp4
62,CALIENTE,caliente,0,CASACA_ORACION_1/CALIENTE_11.mp4,CASACA_ORACION_1.mp4
63,YA,ya,0,CASACA_ORACION_1/YA_10.mp4,CASACA_ORACION_1.mp4
64,SOSTENER,sostener,0,CASACA_ORACION_1/SOSTENER_4.mp4,CASACA_ORACION_1.mp4
65,VER,ver,0,CASACA_ORACION_1/VER_2.mp4,CASACA_ORACION_1.mp4
66,YO,yo,0,CASACA_ORACION_1/YO_1.mp4,CASACA_ORACION_1.mp4
67,CAMINAR-PERSONA,caminar,0,CASACA_ORACION_1/CAMINAR-PERSONA_12.mp4,CASACA_ORACION_1.mp4
68,CASACA,casaca,0,CASACA_ORACION_1/CASACA_7.mp4,CASACA_ORACION_1.mp4
69,AGARRAR-ROPA,agarrar,0,CASACA_ORACION_1/AGARRAR-ROPA_3.mp4,CASACA_ORACION_1.mp4
70,BONITO,bonito,0,CASACA_ORACION_1/BONITO_5.mp4,CASACA_ORACION_1.mp4
71,CALIENTE,caliente,0,CASACA_ORACION_1/CALIENTE_9.mp4,CASACA_ORACION_1.mp4
72,FRIO,frio,0,CASACA_ORACION_1/FRIO_8.mp4,CASACA_ORACION_1.mp4
73,PONER,poner,0,CASACA_ORACION_1/PONER_6.mp4,CASACA_ORACION_1.mp4
74,CURIOSIDAD,curiosidad,0,CARTAS-DE-TAROT_ORACION_1/CURIOSIDAD_3.mp4,CARTAS-DE-TAROT_ORACION_1.mp4
75,CARTAS-DE-TAROT,carta,0,CARTAS-DE-TAROT_ORACION_1/CARTAS-DE-TAROT_2.mp4,CARTAS-DE-TAROT_ORACION_1.mp4
76,VAMOS,vamos,0,CARTAS-DE-TAROT_ORACION_1/VAMOS_1.mp4,CARTAS-DE-TAROT_ORACION_1.mp4
77,DIFICIL,dificil,0,DIFICIL_ORACION_2/DIFICIL_2.mp4,DIFICIL_ORACION_2.mp4
78,FUTBOL,futbol,0,DIFICIL_ORACION_2/FUTBOL_1.mp4,DIFICIL_ORACION_2.mp4
79,YO,yo,0,SUDAR_ORACION_3/YO_1.mp4,SUDAR_ORACION_3.mp4
80,MUCHO,mucho,0,SUDAR_ORACION_3/MUCHO_2.mp4,SUDAR_ORACION_3.mp4
81,SUDAR,sudar,0,SUDAR_ORACION_3/SUDAR_3.mp4,SUDAR_ORACION_3.mp4
82,VIAJAR,viajar,0,FELIZ_ORACION_2/VIAJAR_3.mp4,FELIZ_ORACION_2.mp4
83,YO,yo,0,FELIZ_ORACION_2/YO_1.mp4,FELIZ_ORACION_2.mp4
84,FELIZ,feliz,0,FELIZ_ORACION_2/FELIZ_2.mp4,FELIZ_ORACION_2.mp4
85,DINERO,dinero,0,CIEN_ORACION_2/DINERO_3.mp4,CIEN_ORACION_2.mp4
86,RELOJ,reloj,0,CIEN_ORACION_2/RELOJ_1.mp4,CIEN_ORACION_2.mp4
87,CIEN,cien,0,CIEN_ORACION_2/CIEN_4.mp4,CIEN_ORACION_2.mp4
88,SOSTENER,sostener,0,CIEN_ORACION_2/SOSTENER_2.mp4,CIEN_ORACION_2.mp4
89,SOSTENER,sostener,0,CIEN_ORACION_2/SOSTENER_5.mp4,CIEN_ORACION_2.mp4
90,PEQUEÑO,pequeño,0,AVIONETA_ORACION_1/PEQUEÑO_2.mp4,AVIONETA_ORACION_1.mp4
91,CRUZAR-AVION,cruzar,0,AVIONETA_ORACION_1/CRUZAR-AVION_3.mp4,AVIONETA_ORACION_1.mp4
92,AVION,avion,0,AVIONETA_ORACION_1/AVION_1.mp4,AVIONETA_ORACION_1.mp4
93,LLAMAR,llamar,0,ESPERAR_ORACION_4/LLAMAR_1.mp4,ESPERAR_ORACION_4.mp4
94,ESPERAR,esperar,0,ESPERAR_ORACION_4/ESPERAR_2.mp4,ESPERAR_ORACION_4.mp4
95,MAR,mar,0,CAER_ORACION_1/MAR_4.mp4,CAER_ORACION_1.mp4
96,VER,ver,0,CAER_ORACION_1/VER_2.mp4,CAER_ORACION_1.mp4
97,BONITO,bonito,0,CAER_ORACION_1/BONITO_3.mp4,CAER_ORACION_1.mp4
98,YO,yo,0,CAER_ORACION_1/YO_1.mp4,CAER_ORACION_1.mp4
99,ATARDECER,atardecer,0,CAER_ORACION_1/ATARDECER_5.mp4,CAER_ORACION_1.mp4
100,TIPEAR,tipear,0,ANOCHECER_ORACION_1/TIPEAR_2.mp4,ANOCHECER_ORACION_1.mp4
101,YO,yo,0,ANOCHECER_ORACION_1/YO_1.mp4,ANOCHECER_ORACION_1.mp4
102,ANOCHECER,anochecer,0,ANOCHECER_ORACION_1/ANOCHECER_3.mp4,ANOCHECER_ORACION_1.mp4
103,VER,ver,0,DIEZ_ORACION_2/VER_2.mp4,DIEZ_ORACION_2.mp4
104,YO,yo,0,DIEZ_ORACION_2/YO_1.mp4,DIEZ_ORACION_2.mp4
105,NADA-MÁS,nada,0,DIEZ_ORACION_2/NADA-MÁS_7.mp4,DIEZ_ORACION_2.mp4
106,SOLO,solo,0,DIEZ_ORACION_2/SOLO_4.mp4,DIEZ_ORACION_2.mp4
107,COLEGIO,colegio,0,DIEZ_ORACION_2/COLEGIO_3.mp4,DIEZ_ORACION_2.mp4
108,SORDO,sordo,0,DIEZ_ORACION_2/SORDO_5.mp4,DIEZ_ORACION_2.mp4
109,DIEZ,diez,0,DIEZ_ORACION_2/DIEZ_6.mp4,DIEZ_ORACION_2.mp4
110,AHORA,ahora,0,JOVEN_ORACION_1/AHORA_10.mp4,JOVEN_ORACION_1.mp4
111,TRABAJAR,trabajar,0,JOVEN_ORACION_1/TRABAJAR_4.mp4,JOVEN_ORACION_1.mp4
112,MEJOR,mejor,0,JOVEN_ORACION_1/MEJOR_2.mp4,JOVEN_ORACION_1.mp4
113,ESPERAR,esperar,0,JOVEN_ORACION_1/ESPERAR_5.mp4,JOVEN_ORACION_1.mp4
114,DISCULPA,disculpa,0,JOVEN_ORACION_1/DISCULPA_6.mp4,JOVEN_ORACION_1.mp4
115,YO,yo,0,JOVEN_ORACION_1/YO_7.mp4,JOVEN_ORACION_1.mp4
116,JOVEN,joven,0,JOVEN_ORACION_1/JOVEN_8.mp4,JOVEN_ORACION_1.mp4
117,DECIR,decir,0,JOVEN_ORACION_1/DECIR_1.mp4,JOVEN_ORACION_1.mp4
118,IR,ir,0,JOVEN_ORACION_1/IR_3.mp4,JOVEN_ORACION_1.mp4
119,ESTUDIAR,estudiar,0,JOVEN_ORACION_1/ESTUDIAR_9.mp4,JOVEN_ORACION_1.mp4
120,EMBARAZO,embarazo,0,FREGADO_ORACION_1/EMBARAZO_2.mp4,FREGADO_ORACION_1.mp4
121,FREGADO,fregado,0,FREGADO_ORACION_1/FREGADO_1.mp4,FREGADO_ORACION_1.mp4
122,POR-FAVOR,por,0,ENTENDER_ORACION_2/POR-FAVOR_1.mp4,ENTENDER_ORACION_2.mp4
123,ENTENDER,entender,0,ENTENDER_ORACION_2/ENTENDER_3.mp4,ENTENDER_ORACION_2.mp4
124,ATENCION,atencion,0,ENTENDER_ORACION_2/ATENCION_2.mp4,ENTENDER_ORACION_2.mp4
125,HELADO,helado,0,CALOR_ORACION_1/HELADO_5.mp4,CALOR_ORACION_1.mp4
126,CALOR,calor,0,CALOR_ORACION_1/CALOR_8.mp4,CALOR_ORACION_1.mp4
127,QUERER,querer,0,CALOR_ORACION_1/QUERER_3.mp4,CALOR_ORACION_1.mp4
128,PUCHA,pucha,0,CALOR_ORACION_1/PUCHA_1.mp4,CALOR_ORACION_1.mp4
129,YO,yo,0,CALOR_ORACION_1/YO_4.mp4,CALOR_ORACION_1.mp4
130,YO,yo,0,CALOR_ORACION_1/YO_2.mp4,CALOR_ORACION_1.mp4
131,YA,ya,0,CALOR_ORACION_1/YA_6.mp4,CALOR_ORACION_1.mp4
132,SOL,sol,0,CALOR_ORACION_1/SOL_7.mp4,CALOR_ORACION_1.mp4
133,NO,no,0,IGUAL_ORACION_3/NO_3.mp4,IGUAL_ORACION_3.mp4
134,YO,yo,0,IGUAL_ORACION_3/YO_1.mp4,IGUAL_ORACION_3.mp4
135,IR,ir,0,IGUAL_ORACION_3/IR_2.mp4,IGUAL_ORACION_3.mp4
136,YO,yo,0,IGUAL_ORACION_3/YO_4.mp4,IGUAL_ORACION_3.mp4
137,IGUAL,igual,0,IGUAL_ORACION_3/IGUAL_7.mp4,IGUAL_ORACION_3.mp4
138,IGUAL,igual,0,IGUAL_ORACION_3/IGUAL_5.mp4,IGUAL_ORACION_3.mp4
139,CAMINAR-PERSONA,caminar,0,IGUAL_ORACION_3/CAMINAR-PERSONA_6.mp4,IGUAL_ORACION_3.mp4
140,CAMINAR-PERSONA,caminar,0,IGUAL_ORACION_3/CAMINAR-PERSONA_8.mp4,IGUAL_ORACION_3.mp4
141,ALLA,alla,0,ALLA_ORACION_1/ALLA_7.mp4,ALLA_ORACION_1.mp4
142,AHI,ahi,0,ALLA_ORACION_1/AHI_8.mp4,ALLA_ORACION_1.mp4
143,YO,yo,0,ALLA_ORACION_1/YO_1.mp4,ALLA_ORACION_1.mp4
144,DONDE,donde,0,ALLA_ORACION_1/DONDE_6.mp4,ALLA_ORACION_1.mp4
145,YO,yo,0,ALLA_ORACION_1/YO_4.mp4,ALLA_ORACION_1.mp4
146,HIJO,hijo,0,ALLA_ORACION_1/HIJO_5.mp4,ALLA_ORACION_1.mp4
147,BUSCAR,buscar,0,ALLA_ORACION_1/BUSCAR_3.mp4,ALLA_ORACION_1.mp4
148,OYE,oye,0,ALLA_ORACION_1/OYE_2.mp4,ALLA_ORACION_1.mp4
149,CAMBIAR-ROPA,cambiar,0,AHORA_ORACION_1/CAMBIAR-ROPA_3.mp4,AHORA_ORACION_1.mp4
150,AHORA,ahora,0,AHORA_ORACION_1/AHORA_1.mp4,AHORA_ORACION_1.mp4
151,YO,yo,0,AHORA_ORACION_1/YO_2.mp4,AHORA_ORACION_1.mp4
152,DINERO,dinero,0,CIEN_ORACION_1/DINERO_2.mp4,CIEN_ORACION_1.mp4
153,CIEN,cien,0,CIEN_ORACION_1/CIEN_4.mp4,CIEN_ORACION_1.mp4
154,PAQUETE,paquete,0,CIEN_ORACION_1/PAQUETE_1.mp4,CIEN_ORACION_1.mp4
155,CIEN,cien,0,CIEN_ORACION_1/CIEN_3.mp4,CIEN_ORACION_1.mp4
156,SABER,saber,0,BRUJERIA_ORACION_1/SABER_1.mp4,BRUJERIA_ORACION_1.mp4
157,BRUJERIA,brujeria,0,BRUJERIA_ORACION_1/BRUJERIA_2.mp4,BRUJERIA_ORACION_1.mp4
158,DESPARECER,desparecer,0,DESAPARECER_ORACION_2/DESPARECER_4.mp4,DESAPARECER_ORACION_2.mp4
159,VER,ver,0,DESAPARECER_ORACION_2/VER_2.mp4,DESAPARECER_ORACION_2.mp4
160,YO,yo,0,DESAPARECER_ORACION_2/YO_1.mp4,DESAPARECER_ORACION_2.mp4
161,BOTE,bote,0,DESAPARECER_ORACION_2/BOTE_3.mp4,DESAPARECER_ORACION_2.mp4
162,HOY,hoy,0,JOVEN_ORACION_2/HOY_6.mp4,JOVEN_ORACION_2.mp4
163,ESPERAR,esperar,0,JOVEN_ORACION_2/ESPERAR_4.mp4,JOVEN_ORACION_2.mp4
164,NECESITAR,necesitar,0,JOVEN_ORACION_2/NECESITAR_8.mp4,JOVEN_ORACION_2.mp4
165,YO,yo,0,JOVEN_ORACION_2/YO_10.mp4,JOVEN_ORACION_2.mp4
166,YO,yo,0,JOVEN_ORACION_2/YO_1.mp4,JOVEN_ORACION_2.mp4
167,PENSAR,pensar,0,JOVEN_ORACION_2/PENSAR_5.mp4,JOVEN_ORACION_2.mp4
168,YO,yo,0,JOVEN_ORACION_2/YO_7.mp4,JOVEN_ORACION_2.mp4
169,TIEMPO,tiempo,0,JOVEN_ORACION_2/TIEMPO_11.mp4,JOVEN_ORACION_2.mp4
170,INTERACTUAR,interactuar,0,JOVEN_ORACION_2/INTERACTUAR_13.mp4,JOVEN_ORACION_2.mp4
171,JOVEN,joven,0,JOVEN_ORACION_2/JOVEN_9.mp4,JOVEN_ORACION_2.mp4
172,LIBRE,libre,0,JOVEN_ORACION_2/LIBRE_12.mp4,JOVEN_ORACION_2.mp4
173,FUTURO,futuro,0,JOVEN_ORACION_2/FUTURO_3.mp4,JOVEN_ORACION_2.mp4
174,PENSAR,pensar,0,JOVEN_ORACION_2/PENSAR_2.mp4,JOVEN_ORACION_2.mp4
175,COLEGIO,colegio,0,ENCONTRAR_ORACION_2/COLEGIO_2.mp4,ENCONTRAR_ORACION_2.mp4
176,ENCONTRAR,encontrar,0,ENCONTRAR_ORACION_2/ENCONTRAR_3.mp4,ENCONTRAR_ORACION_2.mp4
177,OYE,oye,0,ENCONTRAR_ORACION_2/OYE_1.mp4,ENCONTRAR_ORACION_2.mp4
178,HELICOPTERO,helicoptero,0,HELICOPTERO_ORACION_1/HELICOPTERO_1_1.mp4,HELICOPTERO_ORACION_1.mp4
179,CRUZAR-EL-CIELO,cruzar,0,HELICOPTERO_ORACION_1/CRUZAR-EL-CIELO_2.mp4,HELICOPTERO_ORACION_1.mp4
180,GUARDAR,guardar,0,CAJA_ORACION_3/GUARDAR_5.mp4,CAJA_ORACION_3.mp4
181,GUARDAR,guardar,0,CAJA_ORACION_3/GUARDAR_3.mp4,CAJA_ORACION_3.mp4
182,GUARDAR,guardar,0,CAJA_ORACION_3/GUARDAR_7.mp4,CAJA_ORACION_3.mp4
183,ANILLO,anillo,0,CAJA_ORACION_3/ANILLO_6.mp4,CAJA_ORACION_3.mp4
184,ARETE,arete,0,CAJA_ORACION_3/ARETE_2.mp4,CAJA_ORACION_3.mp4
185,CAJA-PEQUEÑA,caja,0,CAJA_ORACION_3/CAJA-PEQUEÑA_1.mp4,CAJA_ORACION_3.mp4
186,ARETE,arete,0,CAJA_ORACION_3/ARETE_4.mp4,CAJA_ORACION_3.mp4
187,ESPERAR,esperar,0,ESPERAR_ORACION_3/ESPERAR_5.mp4,ESPERAR_ORACION_3.mp4
188,YO,yo,0,ESPERAR_ORACION_3/YO_4.mp4,ESPERAR_ORACION_3.mp4
189,YO,yo,0,ESPERAR_ORACION_3/YO_2.mp4,ESPERAR_ORACION_3.mp4
190,OYE,oye,0,ESPERAR_ORACION_3/OYE_1.mp4,ESPERAR_ORACION_3.mp4
191,ESPERAR,esperar,0,ESPERAR_ORACION_3/ESPERAR_3.mp4,ESPERAR_ORACION_3.mp4
192,FUNDAR,fundar,0,FUNDAR_ORACION_2/FUNDAR_5.mp4,FUNDAR_ORACION_2.mp4
193,LUGAR,lugar,0,FUNDAR_ORACION_2/LUGAR_1.mp4,FUNDAR_ORACION_2.mp4
194,PASADO,pasado,0,FUNDAR_ORACION_2/PASADO_4.mp4,FUNDAR_ORACION_2.mp4
195,IX,ix,0,FUNDAR_ORACION_2/IX_1_6.mp4,FUNDAR_ORACION_2.mp4
196,UNIVERSIDAD,universidad,0,FUNDAR_ORACION_2/UNIVERSIDAD_2.mp4,FUNDAR_ORACION_2.mp4
197,DONDE,donde,0,FUNDAR_ORACION_2/DONDE_3.mp4,FUNDAR_ORACION_2.mp4
198,HUEVO,huevo,0,COMPRAR_ORACION_1/HUEVO_4.mp4,COMPRAR_ORACION_1.mp4
199,YA,ya,0,COMPRAR_ORACION_1/YA_5.mp4,COMPRAR_ORACION_1.mp4
200,YO,yo,0,COMPRAR_ORACION_1/YO_1.mp4,COMPRAR_ORACION_1.mp4
201,COMPRAR,comprar,0,COMPRAR_ORACION_1/COMPRAR_2.mp4,COMPRAR_ORACION_1.mp4
202,PAN,pan,0,COMPRAR_ORACION_1/PAN_3.mp4,COMPRAR_ORACION_1.mp4
203,LLEVAR,llevar,0,COMPRAR_ORACION_1/LLEVAR_6.mp4,COMPRAR_ORACION_1.mp4
204,YO,yo,0,DENTRO_ORACION_1/YO_1.mp4,DENTRO_ORACION_1.mp4
205,AHI,ahi,0,DENTRO_ORACION_1/AHI_2.mp4,DENTRO_ORACION_1.mp4
206,DENTRO,dentro,0,DENTRO_ORACION_1/DENTRO_4.mp4,DENTRO_ORACION_1.mp4
207,VER,ver,0,DENTRO_ORACION_1/VER_3.mp4,DENTRO_ORACION_1.mp4
208,GATO,gato,0,DENTRO_ORACION_1/GATO_5.mp4,DENTRO_ORACION_1.mp4
209,YO,yo,0,FELIZ_ORACION_1/YO_1.mp4,FELIZ_ORACION_1.mp4
210,UNIVERSIDAD,universidad,0,FELIZ_ORACION_1/UNIVERSIDAD_5.mp4,FELIZ_ORACION_1.mp4
211,FELIZ,feliz,0,FELIZ_ORACION_1/FELIZ_2.mp4,FELIZ_ORACION_1.mp4
212,INGRESAR,ingresar,0,FELIZ_ORACION_1/INGRESAR_4.mp4,FELIZ_ORACION_1.mp4
213,YA,ya,0,FELIZ_ORACION_1/YA_3.mp4,FELIZ_ORACION_1.mp4
214,CLASE,clase,0,EMPEZAR_ORACION_1/CLASE_3.mp4,EMPEZAR_ORACION_1.mp4
215,YA,ya,0,EMPEZAR_ORACION_1/YA_2.mp4,EMPEZAR_ORACION_1.mp4
216,OYE,oye,0,EMPEZAR_ORACION_1/OYE_1.mp4,EMPEZAR_ORACION_1.mp4
217,EMPEZAR,empezar,0,EMPEZAR_ORACION_1/EMPEZAR_4.mp4,EMPEZAR_ORACION_1.mp4
218,YO,yo,0,FUTURO_ORACION_1/YO_1.mp4,FUTURO_ORACION_1.mp4
219,FUTURO,futuro,0,FUTURO_ORACION_1/FUTURO_2.mp4,FUTURO_ORACION_1.mp4
220,CASARSE,casar él,0,FUTURO_ORACION_1/CASARSE_3.mp4,FUTURO_ORACION_1.mp4
221,PERRO,perro,0,DORMIR_ORACION_2/PERRO_2.mp4,DORMIR_ORACION_2.mp4
222,DORMIR,dormir,0,DORMIR_ORACION_2/DORMIR_3.mp4,DORMIR_ORACION_2.mp4
223,MI,mi,0,DORMIR_ORACION_2/MI_1.mp4,DORMIR_ORACION_2.mp4
224,AGARRAR-BOTELLA,agarrar,0,CUARENTA_ORACION_2/AGARRAR-BOTELLA_1.mp4,CUARENTA_ORACION_2.mp4
225,AGARRAR-BOTELLA,agarrar,0,CUARENTA_ORACION_2/AGARRAR-BOTELLA_5.mp4,CUARENTA_ORACION_2.mp4
226,CUARENTA,cuarenta,0,CUARENTA_ORACION_2/CUARENTA_4.mp4,CUARENTA_ORACION_2.mp4
227,VINO,vino,0,CUARENTA_ORACION_2/VINO_2.mp4,CUARENTA_ORACION_2.mp4
228,FINO,fino,0,CUARENTA_ORACION_2/FINO_3.mp4,CUARENTA_ORACION_2.mp4
229,COLOCAR-BOTELLA,colocar,0,CUARENTA_ORACION_2/COLOCAR-BOTELLA_6.mp4,CUARENTA_ORACION_2.mp4
230,VER,ver,0,ALTO_ORACION_1/VER_2.mp4,ALTO_ORACION_1.mp4
231,YO,yo,0,ALTO_ORACION_1/YO_1.mp4,ALTO_ORACION_1.mp4
232,UY,uy,0,ALTO_ORACION_1/UY_6.mp4,ALTO_ORACION_1.mp4
233,MUY-ALTO,mucho,0,ALTO_ORACION_1/MUY-ALTO_5.mp4,ALTO_ORACION_1.mp4
234,UNO,uno,0,ALTO_ORACION_1/UNO_3.mp4,ALTO_ORACION_1.mp4
235,HOMBRE,hombre,0,ALTO_ORACION_1/HOMBRE_4.mp4,ALTO_ORACION_1.mp4
236,LIBROS,libro,0,CARGAR_ORACION_1/LIBROS_3.mp4,CARGAR_ORACION_1.mp4
237,GUARDAR,guardar,0,CARGAR_ORACION_1/GUARDAR_2.mp4,CARGAR_ORACION_1.mp4
238,GUARDAR,guardar,0,CARGAR_ORACION_1/GUARDAR_5.mp4,CARGAR_ORACION_1.mp4
239,CERRAR-CIERRE,cerrar,0,CARGAR_ORACION_1/CERRAR-CIERRE_6.mp4,CARGAR_ORACION_1.mp4
240,GUARDAR,guardar,0,CARGAR_ORACION_1/GUARDAR_4.mp4,CARGAR_ORACION_1.mp4
241,GUARDAR,guardar,0,CARGAR_ORACION_1/GUARDAR_1.mp4,CARGAR_ORACION_1.mp4
242,CARGAR-MOCHILA,cargar,0,CARGAR_ORACION_1/CARGAR-MOCHILA_8.mp4,CARGAR_ORACION_1.mp4
243,LEVANTAR,levantar,0,CARGAR_ORACION_1/LEVANTAR_7.mp4,CARGAR_ORACION_1.mp4
244,SACAR,sacar,0,GORRO_ORACION_2/SACAR_3.mp4,GORRO_ORACION_2.mp4
245,GORRO,gorro,0,GORRO_ORACION_2/GORRO_4.mp4,GORRO_ORACION_2.mp4
246,MUCHO-SOL,mucho,0,GORRO_ORACION_2/MUCHO-SOL_2.mp4,GORRO_ORACION_2.mp4
247,DESCANSAR,descansar,0,GORRO_ORACION_2/DESCANSAR_1.mp4,GORRO_ORACION_2.mp4
248,VER,ver,0,CORTINA_ORACION_2/VER_1.mp4,CORTINA_ORACION_2.mp4
249,PERSIANA,persiana,0,CORTINA_ORACION_2/PERSIANA_4.mp4,CORTINA_ORACION_2.mp4
250,PERSIANA,persiana,0,CORTINA_ORACION_2/PERSIANA_2.mp4,CORTINA_ORACION_2.mp4
251,VER,ver,0,CORTINA_ORACION_2/VER_3.mp4,CORTINA_ORACION_2.mp4
252,VER,ver,0,FORTACHON_ORACION_2/VER_1.mp4,FORTACHON_ORACION_2.mp4
253,FORTACHON,fortachon,0,FORTACHON_ORACION_2/FORTACHON_2.mp4,FORTACHON_ORACION_2.mp4
254,DEMOSTRAR,demostrar,0,FORTACHON_ORACION_2/DEMOSTRAR_3.mp4,FORTACHON_ORACION_2.mp4
255,VER,ver,0,FORTACHON_ORACION_3/VER_1.mp4,FORTACHON_ORACION_3.mp4
256,FORTACHON,fortachon,0,FORTACHON_ORACION_3/FORTACHON_2.mp4,FORTACHON_ORACION_3.mp4
257,BIEN,bien,0,HOLA_ORACION_2/BIEN_8.mp4,HOLA_ORACION_2.mp4
258,YO,yo,0,HOLA_ORACION_2/YO_1.mp4,HOLA_ORACION_2.mp4
259,HOLA,hola,0,HOLA_ORACION_2/HOLA_3.mp4,HOLA_ORACION_2.mp4
260,ABRAZAR,abrazar,0,HOLA_ORACION_2/ABRAZAR_5.mp4,HOLA_ORACION_2.mp4
261,HOLA,hola,0,HOLA_ORACION_2/HOLA_4.mp4,HOLA_ORACION_2.mp4
262,ESCRIBIR,escribir,0,HOLA_ORACION_2/ESCRIBIR_2.mp4,HOLA_ORACION_2.mp4
263,BESO,beso,0,HOLA_ORACION_2/BESO_6.mp4,HOLA_ORACION_2.mp4
264,BIEN,bien,0,HOLA_ORACION_2/BIEN_7.mp4,HOLA_ORACION_2.mp4
265,DONDE,donde,0,LENTES_ORACION_1/DONDE_2.mp4,LENTES_ORACION_1.mp4
266,LENTES,lent,0,LENTES_ORACION_1/LENTES_4.mp4,LENTES_ORACION_1.mp4
267,DONDE,donde,0,LENTES_ORACION_1/DONDE_5.mp4,LENTES_ORACION_1.mp4
268,MI,mi,0,LENTES_ORACION_1/MI_3.mp4,LENTES_ORACION_1.mp4
269,OYE,oye,0,LENTES_ORACION_1/OYE_1.mp4,LENTES_ORACION_1.mp4
270,LIMPIAR,limpiar,0,FIN_ORACION_1/LIMPIAR_2.mp4,FIN_ORACION_1.mp4
271,YO,yo,0,FIN_ORACION_1/YO_1.mp4,FIN_ORACION_1.mp4
272,FIN,fin,0,FIN_ORACION_1/FIN_3.mp4,FIN_ORACION_1.mp4
273,VIA-DOBLE-SENTIDO,via,0,BUS_ORACION_1/VIA-DOBLE-SENTIDO_2.mp4,BUS_ORACION_1.mp4
274,BUS,bus,0,BUS_ORACION_1/BUS_1.mp4,BUS_ORACION_1.mp4
275,OFICINA,oficina,0,PUERTA_ORACION_1/OFICINA_5.mp4,PUERTA_ORACION_1.mp4
276,YO,yo,0,PUERTA_ORACION_1/YO_1.mp4,PUERTA_ORACION_1.mp4
277,CAMINAR-PERSONA,caminar,0,PUERTA_ORACION_1/CAMINAR-PERSONA_2.mp4,PUERTA_ORACION_1.mp4
278,ABRIR-PUERTA,abrir,0,PUERTA_ORACION_1/ABRIR-PUERTA_3.mp4,PUERTA_ORACION_1.mp4
279,ENTRAR-PERSONA,entrar,0,PUERTA_ORACION_1/ENTRAR-PERSONA_4.mp4,PUERTA_ORACION_1.mp4
280,DOBLAR,doblar,0,CAJON_ORACION_1/DOBLAR_2.mp4,CAJON_ORACION_1.mp4
281,CERRAR-CAJÓN,cerrar,0,CAJON_ORACION_1/CERRAR-CAJÓN_5.mp4,CAJON_ORACION_1.mp4
282,GUARDAR,guardar,0,CAJON_ORACION_1/GUARDAR_3.mp4,CAJON_ORACION_1.mp4
283,ROPA,ropa,0,CAJON_ORACION_1/ROPA_1.mp4,CAJON_ORACION_1.mp4
284,HUARAZ,huaraz,0,FRIO_ORACION_3/HUARAZ_1.mp4,FRIO_ORACION_3.mp4
285,BAJA-TEMPERATURA,baja,0,FRIO_ORACION_3/BAJA-TEMPERATURA_2.mp4,FRIO_ORACION_3.mp4
286,ATRAPAR,atrapar,0,ATRAPAR_ORACION_2/ATRAPAR_4.mp4,ATRAPAR_ORACION_2.mp4
287,QUIEN,quien,0,ATRAPAR_ORACION_2/QUIEN_7.mp4,ATRAPAR_ORACION_2.mp4
288,YO,yo,0,ATRAPAR_ORACION_2/YO_3.mp4,ATRAPAR_ORACION_2.mp4
289,YO,yo,0,ATRAPAR_ORACION_2/YO_1.mp4,ATRAPAR_ORACION_2.mp4
290,NO-SABER,no,0,ATRAPAR_ORACION_2/NO-SABER_8.mp4,ATRAPAR_ORACION_2.mp4
291,JUNTO,junto,0,ATRAPAR_ORACION_2/JUNTO_5.mp4,ATRAPAR_ORACION_2.mp4
292,HOY,hoy,0,ATRAPAR_ORACION_2/HOY_2.mp4,ATRAPAR_ORACION_2.mp4
293,MUJER,mujer,0,ATRAPAR_ORACION_2/MUJER_6.mp4,ATRAPAR_ORACION_2.mp4
294,BIEN,bien,0,CONTAR-NUMEROS_ORACION_3/BIEN_3.mp4,CONTAR-NUMEROS_ORACION_3.mp4
295,CONTRICANTES,contricant,0,CONTAR-NUMEROS_ORACION_3/CONTRICANTES_1.mp4,CONTAR-NUMEROS_ORACION_3.mp4
296,CONTAR-MANUAL,contar,0,CONTAR-NUMEROS_ORACION_3/CONTAR-MANUAL_2.mp4,CONTAR-NUMEROS_ORACION_3.mp4
297,DINERO,dinero,0,ADIVINO_ORACION_1/DINERO_2.mp4,ADIVINO_ORACION_1.mp4
298,SABER,saber,0,ADIVINO_ORACION_1/SABER_1.mp4,ADIVINO_ORACION_1.mp4
299,CURIOSIDAD,curiosidad,0,ADIVINO_ORACION_1/CURIOSIDAD_4.mp4,ADIVINO_ORACION_1.mp4
300,ADIVINO,adivino,0,ADIVINO_ORACION_1/ADIVINO_5.mp4,ADIVINO_ORACION_1.mp4
301,ROBAR,robar,0,ADIVINO_ORACION_1/ROBAR_3.mp4,ADIVINO_ORACION_1.mp4
302,CUANTO,cuanto,0,DIECINUEVE_ORACION_2/CUANTO_2.mp4,DIECINUEVE_ORACION_2.mp4
303,GATO,gato,0,DIECINUEVE_ORACION_2/GATO_1.mp4,DIECINUEVE_ORACION_2.mp4
304,DIECINUEVE,diecinueve,0,DIECINUEVE_ORACION_2/DIECINUEVE_3.mp4,DIECINUEVE_ORACION_2.mp4
305,YO,yo,0,CAER_ORACION_5/YO_1.mp4,CAER_ORACION_5.mp4
306,MUCHO,mucho,0,CAER_ORACION_5/MUCHO_2.mp4,CAER_ORACION_5.mp4
307,SUDAR,sudar,0,CAER_ORACION_5/SUDAR_3.mp4,CAER_ORACION_5.mp4
308,MATRIMONIO,matrimonio,0,MATRIMONIO_ORACION_1/MATRIMONIO_2.mp4,MATRIMONIO_ORACION_1.mp4
309,YA,ya,0,MATRIMONIO_ORACION_1/YA_1.mp4,MATRIMONIO_ORACION_1.mp4
310,PERDER,perder,0,PERDER_ORACION_1/PERDER_3.mp4,PERDER_ORACION_1.mp4
311,MI,mi,0,PERDER_ORACION_1/MI_1.mp4,PERDER_ORACION_1.mp4
312,LLAVE,llave,0,PERDER_ORACION_1/LLAVE_2.mp4,PERDER_ORACION_1.mp4
313,MAMA,mama,0,IR_ORACION_1/MAMA_2.mp4,IR_ORACION_1.mp4
314,YA,ya,0,IR_ORACION_1/YA_1.mp4,IR_ORACION_1.mp4
315,IR,ir,0,IR_ORACION_1/IR_3.mp4,IR_ORACION_1.mp4
316,NO,no,0,LO-SIENTO_ORACION_2/NO_4.mp4,LO-SIENTO_ORACION_2.mp4
317,LLAMAR-LA-ATENCION,llamar,0,LO-SIENTO_ORACION_2/LLAMAR-LA-ATENCION_3.mp4,LO-SIENTO_ORACION_2.mp4
318,LO-SIENTO,él,0,LO-SIENTO_ORACION_2/LO-SIENTO_5.mp4,LO-SIENTO_ORACION_2.mp4
319,DAR-LA-ESPALDA,dar,0,LO-SIENTO_ORACION_2/DAR-LA-ESPALDA_2.mp4,LO-SIENTO_ORACION_2.mp4
320,FASTIDIAR,fastidiar,0,LO-SIENTO_ORACION_2/FASTIDIAR_1.mp4,LO-SIENTO_ORACION_2.mp4
321,YO,yo,0,DORMIR_ORACION_1/YO_1.mp4,DORMIR_ORACION_1.mp4
322,DORMIR,dormir,0,DORMIR_ORACION_1/DORMIR_3.mp4,DORMIR_ORACION_1.mp4
323,TEMPRANO,temprano,0,DORMIR_ORACION_1/TEMPRANO_2.mp4,DORMIR_ORACION_1.mp4
324,MAR,mar,0,ATARDECER_ORACION_1/MAR_4.mp4,ATARDECER_ORACION_1.mp4
325,VER,ver,0,ATARDECER_ORACION_1/VER_2.mp4,ATARDECER_ORACION_1.mp4
326,BONITO,bonito,0,ATARDECER_ORACION_1/BONITO_3.mp4,ATARDECER_ORACION_1.mp4
327,YO,yo,0,ATARDECER_ORACION_1/YO_1.mp4,ATARDECER_ORACION_1.mp4
328,ATARDECER,atardecer,0,ATARDECER_ORACION_1/ATARDECER_5.mp4,ATARDECER_ORACION_1.mp4
329,DIECISIETE,diecisiete,0,DIECISIETE_ORACION_1/DIECISIETE_3.mp4,DIECISIETE_ORACION_1.mp4
330,PERRO,perro,0,DIECISIETE_ORACION_1/PERRO_2.mp4,DIECISIETE_ORACION_1.mp4
331,CUANTO,cuanto,0,DIECISIETE_ORACION_1/CUANTO_1.mp4,DIECISIETE_ORACION_1.mp4
332,CONDUCIR,conducir,0,CONDUCIR_ORACION_1/CONDUCIR_1.mp4,CONDUCIR_ORACION_1.mp4
333,VIA-DOBLE-SENTIDO,via,0,CONDUCIR_ORACION_1/VIA-DOBLE-SENTIDO_2.mp4,CONDUCIR_ORACION_1.mp4
334,YO,yo,0,ABURRIDO_ORACION_1/YO_1.mp4,ABURRIDO_ORACION_1.mp4
335,IR,ir,0,ABURRIDO_ORACION_1/IR_2.mp4,ABURRIDO_ORACION_1.mp4
336,ABURRIDO,aburrido,0,ABURRIDO_ORACION_1/ABURRIDO_4.mp4,ABURRIDO_ORACION_1.mp4
337,TRABAJAR,trabajar,0,ABURRIDO_ORACION_1/TRABAJAR_3.mp4,ABURRIDO_ORACION_1.mp4
338,YO,yo,0,ENGAÑAR_ORACION_2/YO_1.mp4,ENGAÑAR_ORACION_2.mp4
339,ENGAÑAR,engañar,0,ENGAÑAR_ORACION_2/ENGAÑAR_3.mp4,ENGAÑAR_ORACION_2.mp4
340,FACIL,facil,0,ENGAÑAR_ORACION_2/FACIL_2.mp4,ENGAÑAR_ORACION_2.mp4
341,YO,yo,0,HIJO_ORACION_1/YO_3.mp4,HIJO_ORACION_1.mp4
342,TELEVISIÓN,televisión,0,HIJO_ORACION_1/TELEVISIÓN_5.mp4,HIJO_ORACION_1.mp4
343,VER,ver,0,HIJO_ORACION_1/VER_2.mp4,HIJO_ORACION_1.mp4
344,YO,yo,0,HIJO_ORACION_1/YO_1.mp4,HIJO_ORACION_1.mp4
345,HIJO,hijo,0,HIJO_ORACION_1/HIJO_4.mp4,HIJO_ORACION_1.mp4
346,CASA,casa,0,CASA_ORACION_1/CASA_6.mp4,CASA_ORACION_1.mp4
347,YO,yo,0,CASA_ORACION_1/YO_1.mp4,CASA_ORACION_1.mp4
348,YO,yo,0,CASA_ORACION_1/YO_4.mp4,CASA_ORACION_1.mp4
349,TERMINAR,terminar,0,CASA_ORACION_1/TERMINAR_2.mp4,CASA_ORACION_1.mp4
350,TIEMPO,tiempo,0,CASA_ORACION_1/TIEMPO_3.mp4,CASA_ORACION_1.mp4
351,CAMINAR,caminar,0,CASA_ORACION_1/CAMINAR_5.mp4,CASA_ORACION_1.mp4
352,ENGORDAR,engordar,0,ENGORDAR_ORACION_1/ENGORDAR_2.mp4,ENGORDAR_ORACION_1.mp4
353,CAMBIAR,cambiar,0,ENGORDAR_ORACION_1/CAMBIAR_1.mp4,ENGORDAR_ORACION_1.mp4
354,CHOCAR,chocar,0,CHOCAR_ORACION_1/CHOCAR_3.mp4,CHOCAR_ORACION_1.mp4
355,YO,yo,0,CHOCAR_ORACION_1/YO_1.mp4,CHOCAR_ORACION_1.mp4
356,CAMINAR-PERSONA,caminar,0,CHOCAR_ORACION_1/CAMINAR-PERSONA_2.mp4,CHOCAR_ORACION_1.mp4
357,CUIDADO,cuidado,0,CHOCAR_ORACION_1/CUIDADO_4.mp4,CHOCAR_ORACION_1.mp4
358,CAMINAR-PERSONA,caminar,0,CHOCAR_ORACION_1/CAMINAR-PERSONA_5.mp4,CHOCAR_ORACION_1.mp4
359,CUNA,cuna,0,CUNA_ORACION_2/CUNA_5.mp4,CUNA_ORACION_2.mp4
360,UNO,uno,0,CUNA_ORACION_2/UNO_6.mp4,CUNA_ORACION_2.mp4
361,FANTASMA,fantasma,0,CUNA_ORACION_2/FANTASMA_4.mp4,CUNA_ORACION_2.mp4
362,VER,ver,0,CUNA_ORACION_2/VER_2.mp4,CUNA_ORACION_2.mp4
363,YO,yo,0,CUNA_ORACION_2/YO_1.mp4,CUNA_ORACION_2.mp4
364,CUNA,cuna,0,CUNA_ORACION_2/CUNA_7.mp4,CUNA_ORACION_2.mp4
365,COMO,como,0,CUNA_ORACION_2/COMO_3.mp4,CUNA_ORACION_2.mp4
366,NO,no,0,IGUAL_ORACION_5/NO_3.mp4,IGUAL_ORACION_5.mp4
367,YO,yo,0,IGUAL_ORACION_5/YO_4.mp4,IGUAL_ORACION_5.mp4
368,FIN,fin,0,IGUAL_ORACION_5/FIN_6.mp4,IGUAL_ORACION_5.mp4
369,DE-ACUERDO,de,0,IGUAL_ORACION_5/DE-ACUERDO_2.mp4,IGUAL_ORACION_5.mp4
370,IGUAL,igual,0,IGUAL_ORACION_5/IGUAL_7.mp4,IGUAL_ORACION_5.mp4
371,CONVERSAR,conversar,0,IGUAL_ORACION_5/CONVERSAR_1.mp4,IGUAL_ORACION_5.mp4
372,IGUAL,igual,0,IGUAL_ORACION_5/IGUAL_5.mp4,IGUAL_ORACION_5.mp4
373,VER,ver,0,CAER_ORACION_2/VER_7.mp4,CAER_ORACION_2.mp4
374,QUERER,querer,0,CAER_ORACION_2/QUERER_3.mp4,CAER_ORACION_2.mp4
375,VER,ver,0,CAER_ORACION_2/VER_2.mp4,CAER_ORACION_2.mp4
376,YO,yo,0,CAER_ORACION_2/YO_1.mp4,CAER_ORACION_2.mp4
377,VIAJE,viaje,0,CAER_ORACION_2/VIAJE_5.mp4,CAER_ORACION_2.mp4
378,CARRO,carro,0,CAER_ORACION_2/CARRO_6.mp4,CAER_ORACION_2.mp4
379,ATARDECER,atardecer,0,CAER_ORACION_2/ATARDECER_8.mp4,CAER_ORACION_2.mp4
380,IR,ir,0,CAER_ORACION_2/IR_4.mp4,CAER_ORACION_2.mp4
381,DIECINUEVE,diecinueve,0,DIECINUEVE_ORACION_3/DIECINUEVE_2.mp4,DIECINUEVE_ORACION_3.mp4
382,BUS,bus,0,DIECINUEVE_ORACION_3/BUS_1.mp4,DIECINUEVE_ORACION_3.mp4
383,ESTAR-BIEN,estar,0,ESTAR-BIEN_ORACION_3/ESTAR-BIEN_1.mp4,ESTAR-BIEN_ORACION_3.mp4
384,DESPUES,despu,0,DESPUES_ORACION_3/DESPUES_1.mp4,DESPUES_ORACION_3.mp4
385,EXAMEN,examen,0,DESPUES_ORACION_3/EXAMEN_2.mp4,DESPUES_ORACION_3.mp4
386,DOCE,doce,0,DOCE_ORACION_1/DOCE_5.mp4,DOCE_ORACION_1.mp4
387,YO,yo,0,DOCE_ORACION_1/YO_1.mp4,DOCE_ORACION_1.mp4
388,GRADUARSE,graduar él,0,DOCE_ORACION_1/GRADUARSE_4.mp4,DOCE_ORACION_1.mp4
389,TERMINAR,terminar,0,DOCE_ORACION_1/TERMINAR_2.mp4,DOCE_ORACION_1.mp4
390,EDAD,edad,0,DOCE_ORACION_1/EDAD_6.mp4,DOCE_ORACION_1.mp4
391,COLEGIO,colegio,0,DOCE_ORACION_1/COLEGIO_3.mp4,DOCE_ORACION_1.mp4
392,CONYUGE,conyuge,0,CORNUDO_ORACION_1/CONYUGE_2.mp4,CORNUDO_ORACION_1.mp4
393,CORNUDO,cornudo,0,CORNUDO_ORACION_1/CORNUDO_3.mp4,CORNUDO_ORACION_1.mp4
394,OYE,oye,0,CORNUDO_ORACION_1/OYE_1.mp4,CORNUDO_ORACION_1.mp4
395,VIAJAR,viajar,0,DOCE_ORACION_3/VIAJAR_2.mp4,DOCE_ORACION_3.mp4
396,YO,yo,0,DOCE_ORACION_3/YO_1.mp4,DOCE_ORACION_3.mp4
397,AVION,avion,0,DOCE_ORACION_3/AVION_3.mp4,DOCE_ORACION_3.mp4
398,DOCE,doce,0,DOCE_ORACION_3/DOCE_4.mp4,DOCE_ORACION_3.mp4
399,PAIS,pais,0,DOCE_ORACION_3/PAIS_5.mp4,DOCE_ORACION_3.mp4
400,YO,yo,0,SUDAR_ORACION_2/YO_3.mp4,SUDAR_ORACION_2.mp4
401,SUDAR-MUCHO,sudar,0,SUDAR_ORACION_2/SUDAR-MUCHO_6.mp4,SUDAR_ORACION_2.mp4
402,MUCHO,mucho,0,SUDAR_ORACION_2/MUCHO_5.mp4,SUDAR_ORACION_2.mp4
403,AMIGO,amigo,0,SUDAR_ORACION_2/AMIGO_2.mp4,SUDAR_ORACION_2.mp4
404,VER,ver,0,SUDAR_ORACION_2/VER_4.mp4,SUDAR_ORACION_2.mp4
405,MI,mi,0,SUDAR_ORACION_2/MI_1.mp4,SUDAR_ORACION_2.mp4
406,DESPUES,despu,0,DESPUES_ORACION_1/DESPUES_1.mp4,DESPUES_ORACION_1.mp4
407,DAR,dar,0,DESPUES_ORACION_1/DAR_3.mp4,DESPUES_ORACION_1.mp4
408,YO,yo,0,DESPUES_ORACION_1/YO_2.mp4,DESPUES_ORACION_1.mp4
409,VER,ver,0,ALGUNOS_ORACION_2/VER_2.mp4,ALGUNOS_ORACION_2.mp4
410,YO,yo,0,ALGUNOS_ORACION_2/YO_1.mp4,ALGUNOS_ORACION_2.mp4
411,LIBRO,libro,0,ALGUNOS_ORACION_2/LIBRO_3.mp4,ALGUNOS_ORACION_2.mp4
412,ALGUNOS,alguno,0,ALGUNOS_ORACION_2/ALGUNOS_5.mp4,ALGUNOS_ORACION_2.mp4
413,NO-SABER,no,0,ALGUNOS_ORACION_2/NO-SABER_4.mp4,ALGUNOS_ORACION_2.mp4
414,HIJO,hijo,0,HIJO_ORACION_3/HIJO_2.mp4,HIJO_ORACION_3.mp4
415,YO,yo,0,HIJO_ORACION_3/YO_1.mp4,HIJO_ORACION_3.mp4
416,COMER,comer,0,HIJO_ORACION_3/COMER_4.mp4,HIJO_ORACION_3.mp4
417,GUSTAR,gustar,0,HIJO_ORACION_3/GUSTAR_3.mp4,HIJO_ORACION_3.mp4
418,ARROZ-CHAUFA,arroz,0,HIJO_ORACION_3/ARROZ-CHAUFA_5.mp4,HIJO_ORACION_3.mp4
419,PROBLEMA,problema,0,ALGUNOS_ORACION_1/PROBLEMA_1.mp4,ALGUNOS_ORACION_1.mp4
420,NO-SABER,no,0,ALGUNOS_ORACION_1/NO-SABER_2.mp4,ALGUNOS_ORACION_1.mp4
421,ALGUNOS,alguno,0,ALGUNOS_ORACION_1/ALGUNOS_3.mp4,ALGUNOS_ORACION_1.mp4
422,CUNA,cuna,0,CUNA_ORACION_1/CUNA_5.mp4,CUNA_ORACION_1.mp4
423,SOBRINA,sobrina,0,CUNA_ORACION_1/SOBRINA_2.mp4,CUNA_ORACION_1.mp4
424,DORMIR,dormir,0,CUNA_ORACION_1/DORMIR_6.mp4,CUNA_ORACION_1.mp4
425,YO,yo,0,CUNA_ORACION_1/YO_3.mp4,CUNA_ORACION_1.mp4
426,VER,ver,0,CUNA_ORACION_1/VER_4.mp4,CUNA_ORACION_1.mp4
427,MI,mi,0,CUNA_ORACION_1/MI_1.mp4,CUNA_ORACION_1.mp4
428,YO,yo,0,HISTORIA_ORACION_1/YO_1.mp4,HISTORIA_ORACION_1.mp4
429,PERU,peru,0,HISTORIA_ORACION_1/PERU_4.mp4,HISTORIA_ORACION_1.mp4
430,LEER,leer,0,HISTORIA_ORACION_1/LEER_2.mp4,HISTORIA_ORACION_1.mp4
431,HISTORIA,historia,0,HISTORIA_ORACION_1/HISTORIA_3.mp4,HISTORIA_ORACION_1.mp4
432,VIAJAR,viajar,0,IR_ORACION_2/VIAJAR_2.mp4,IR_ORACION_2.mp4
433,IR,ir,0,IR_ORACION_2/IR_1.mp4,IR_ORACION_2.mp4
434,DIBUJAR,dibujar,0,IDEA_ORACION_1/DIBUJAR_6.mp4,IDEA_ORACION_1.mp4
435,PENSAR,pensar,0,IDEA_ORACION_1/PENSAR_3.mp4,IDEA_ORACION_1.mp4
436,YO,yo,0,IDEA_ORACION_1/YO_1.mp4,IDEA_ORACION_1.mp4
437,IDEA,idea,0,IDEA_ORACION_1/IDEA_2_5.mp4,IDEA_ORACION_1.mp4
438,IDEA,idea,0,IDEA_ORACION_1/IDEA_4.mp4,IDEA_ORACION_1.mp4
439,DAR,dar,0,IDEA_ORACION_1/DAR_7.mp4,IDEA_ORACION_1.mp4
440,DIBUJAR,dibujar,0,IDEA_ORACION_1/DIBUJAR_2.mp4,IDEA_ORACION_1.mp4
441,NO,no,0,FALTAR_ORACION_2/NO_3.mp4,FALTAR_ORACION_2.mp4
442,FALTAR,faltar,0,FALTAR_ORACION_2/FALTAR_5.mp4,FALTAR_ORACION_2.mp4
443,LEER,leer,0,FALTAR_ORACION_2/LEER_1.mp4,FALTAR_ORACION_2.mp4
444,VENIR,venir,0,FALTAR_ORACION_2/VENIR_2.mp4,FALTAR_ORACION_2.mp4
445,NADA,nada,0,FALTAR_ORACION_2/NADA_4.mp4,FALTAR_ORACION_2.mp4
446,VER,ver,0,IR_ORACION_3/VER_2.mp4,IR_ORACION_3.mp4
447,YO,yo,0,IR_ORACION_3/YO_1.mp4,IR_ORACION_3.mp4
448,IR,ir,0,IR_ORACION_3/IR_3.mp4,IR_ORACION_3.mp4
449,VIDA,vida,0,CONTAR_ORACION_2/VIDA_5.mp4,CONTAR_ORACION_2.mp4
450,SU,su,0,CONTAR_ORACION_2/SU_4.mp4,CONTAR_ORACION_2.mp4
451,PAPA,papa,0,CONTAR_ORACION_2/PAPA_1.mp4,CONTAR_ORACION_2.mp4
452,DECIR,decir,0,CONTAR_ORACION_2/DECIR_2.mp4,CONTAR_ORACION_2.mp4
453,CONTAR,contar,0,CONTAR_ORACION_2/CONTAR_3.mp4,CONTAR_ORACION_2.mp4
454,PERO,pero,0,DIEZ_ORACION_1/PERO_4.mp4,DIEZ_ORACION_1.mp4
455,VER,ver,0,DIEZ_ORACION_1/VER_2.mp4,DIEZ_ORACION_1.mp4
456,NIÑO,niño,0,DIEZ_ORACION_1/NIÑO_7.mp4,DIEZ_ORACION_1.mp4
457,YO,yo,0,DIEZ_ORACION_1/YO_1.mp4,DIEZ_ORACION_1.mp4
458,NIÑO,niño,0,DIEZ_ORACION_1/NIÑO_6.mp4,DIEZ_ORACION_1.mp4
459,DIEZ,diez,0,DIEZ_ORACION_1/DIEZ_10.mp4,DIEZ_ORACION_1.mp4
460,NIÑO,niño,0,DIEZ_ORACION_1/NIÑO_9.mp4,DIEZ_ORACION_1.mp4
461,MUCHO,mucho,0,DIEZ_ORACION_1/MUCHO_3.mp4,DIEZ_ORACION_1.mp4
462,POCO,poco,0,DIEZ_ORACION_1/POCO_5.mp4,DIEZ_ORACION_1.mp4
463,NIÑO,niño,0,DIEZ_ORACION_1/NIÑO_8.mp4,DIEZ_ORACION_1.mp4
464,SUCIO,sucio,0,CUERPO_ORACION_1/SUCIO_3.mp4,CUERPO_ORACION_1.mp4
465,CUERPO,cuerpo,0,CUERPO_ORACION_1/CUERPO_2.mp4,CUERPO_ORACION_1.mp4
466,MI,mi,0,CUERPO_ORACION_1/MI_1.mp4,CUERPO_ORACION_1.mp4
467,PERSONA-PEQUEÑA,persona,0,PERSONA-PEQUEÑA_ORACION_1/PERSONA-PEQUEÑA_1.mp4,PERSONA-PEQUEÑA_ORACION_1.mp4
468,ANILLO,anillo,0,ANILLO_ORACION_1/ANILLO_4.mp4,ANILLO_ORACION_1.mp4
469,YO,yo,0,ANILLO_ORACION_1/YO_1.mp4,ANILLO_ORACION_1.mp4
470,IR,ir,0,ANILLO_ORACION_1/IR_2.mp4,ANILLO_ORACION_1.mp4
471,COMPRAR,comprar,0,ANILLO_ORACION_1/COMPRAR_3.mp4,ANILLO_ORACION_1.mp4
472,HOY,hoy,0,HOY_ORACION_1/HOY_1.mp4,HOY_ORACION_1.mp4
473,SABADO,sabado,0,HOY_ORACION_1/SABADO_2.mp4,HOY_ORACION_1.mp4
474,CUANTO,cuanto,0,DIECIOCHO_ORACION_3/CUANTO_3.mp4,DIECIOCHO_ORACION_3.mp4
475,HUEVO,huevo,0,DIECIOCHO_ORACION_3/HUEVO_2.mp4,DIECIOCHO_ORACION_3.mp4
476,HUEVO,huevo,0,DIECIOCHO_ORACION_3/HUEVO_1.mp4,DIECIOCHO_ORACION_3.mp4
477,DIECIOCHO,dieciocho,0,DIECIOCHO_ORACION_3/DIECIOCHO_4.mp4,DIECIOCHO_ORACION_3.mp4
478,COMBI,combi,0,COMBI_ORACION_1/COMBI_1.mp4,COMBI_ORACION_1.mp4
479,VIA-DOBLE-SENTIDO,via,0,COMBI_ORACION_1/VIA-DOBLE-SENTIDO_2.mp4,COMBI_ORACION_1.mp4
480,GRANDE,grande,0,CAMION_ORACION_1/GRANDE_2.mp4,CAMION_ORACION_1.mp4
481,CONDUCIR,conducir,0,CAMION_ORACION_1/CONDUCIR_1.mp4,CAMION_ORACION_1.mp4
482,VIA-DOBLE-SENTIDO,via,0,CAMION_ORACION_1/VIA-DOBLE-SENTIDO_3.mp4,CAMION_ORACION_1.mp4
483,ESPERAR,esperar,0,ESPERAR_ORACION_2/ESPERAR_4.mp4,ESPERAR_ORACION_2.mp4
484,YO,yo,0,ESPERAR_ORACION_2/YO_3.mp4,ESPERAR_ORACION_2.mp4
485,TARDE,tarde,0,ESPERAR_ORACION_2/TARDE_2.mp4,ESPERAR_ORACION_2.mp4
486,OYE,oye,0,ESPERAR_ORACION_2/OYE_1.mp4,ESPERAR_ORACION_2.mp4
487,VESTIR,vestir,0,IGUAL_ORACION_2/VESTIR_1.mp4,IGUAL_ORACION_2.mp4
488,IGUAL,igual,0,IGUAL_ORACION_2/IGUAL_2.mp4,IGUAL_ORACION_2.mp4
489,CRUZAR-BOTE,cruzar,0,BARCO_ORACION_1/CRUZAR-BOTE_3.mp4,BARCO_ORACION_1.mp4
490,GRANDE,grande,0,BARCO_ORACION_1/GRANDE_2.mp4,BARCO_ORACION_1.mp4
491,BOTE,bote,0,BARCO_ORACION_1/BOTE_1.mp4,BARCO_ORACION_1.mp4
492,BIEN,bien,0,BIEN_ORACION_1/BIEN_2.mp4,BIEN_ORACION_1.mp4
493,TRABAJAR,trabajar,0,BIEN_ORACION_1/TRABAJAR_1.mp4,BIEN_ORACION_1.mp4
494,ZAPATO,zapato,0,DEBAJO_ORACION_2/ZAPATO_3.mp4,DEBAJO_ORACION_2.mp4
495,DEBAJO,debajo,0,DEBAJO_ORACION_2/DEBAJO_5.mp4,DEBAJO_ORACION_2.mp4
496,YO,yo,0,DEBAJO_ORACION_2/YO_1.mp4,DEBAJO_ORACION_2.mp4
497,BUSCAR,buscar,0,DEBAJO_ORACION_2/BUSCAR_2.mp4,DEBAJO_ORACION_2.mp4
498,NADA,nada,0,DEBAJO_ORACION_2/NADA_4.mp4,DEBAJO_ORACION_2.mp4
499,DEBAJO,debajo,0,DEBAJO_ORACION_3/DEBAJO_5.mp4,DEBAJO_ORACION_3.mp4
500,BUSCAR,buscar,0,DEBAJO_ORACION_3/BUSCAR_1.mp4,DEBAJO_ORACION_3.mp4
501,BUSCAR,buscar,0,DEBAJO_ORACION_3/BUSCAR_3.mp4,DEBAJO_ORACION_3.mp4
502,DESAPARECER,desaparecer,0,DEBAJO_ORACION_3/DESAPARECER_4.mp4,DEBAJO_ORACION_3.mp4
503,ARETE,arete,0,DEBAJO_ORACION_3/ARETE_2.mp4,DEBAJO_ORACION_3.mp4
504,CRUZAR-BOTE,cruzar,0,BOTE_ORACION_1mp4/CRUZAR-BOTE_3.mp4,BOTE_ORACION_1mp4.mp4
505,PEQUEÑO,pequeño,0,BOTE_ORACION_1mp4/PEQUEÑO_2.mp4,BOTE_ORACION_1mp4.mp4
506,BOTE,bote,0,BOTE_ORACION_1mp4/BOTE_1.mp4,BOTE_ORACION_1mp4.mp4
507,YA,ya,0,CATORCE_ORACION_1/YA_7.mp4,CATORCE_ORACION_1.mp4
508,YO,yo,0,CATORCE_ORACION_1/YO_1.mp4,CATORCE_ORACION_1.mp4
509,EDAD,edad,0,CATORCE_ORACION_1/EDAD_9.mp4,CATORCE_ORACION_1.mp4
510,YO,yo,0,CATORCE_ORACION_1/YO_6.mp4,CATORCE_ORACION_1.mp4
511,POCO,poco,0,CATORCE_ORACION_1/POCO_3.mp4,CATORCE_ORACION_1.mp4
512,CATORCE,catorce,0,CATORCE_ORACION_1/CATORCE_8.mp4,CATORCE_ORACION_1.mp4
513,CUMPLEAÑOS,cumpleaños,0,CATORCE_ORACION_1/CUMPLEAÑOS_4.mp4,CATORCE_ORACION_1.mp4
514,TERMINAR,terminar,0,CATORCE_ORACION_1/TERMINAR_5.mp4,CATORCE_ORACION_1.mp4
515,FALTA,falta,0,CATORCE_ORACION_1/FALTA_2.mp4,CATORCE_ORACION_1.mp4
516,AHI,ahi,0,AHI_ORACION_1/AHI_4.mp4,AHI_ORACION_1.mp4
517,PAN,pan,0,AHI_ORACION_1/PAN_3.mp4,AHI_ORACION_1.mp4
518,AHI,ahi,0,AHI_ORACION_1/AHI_1.mp4,AHI_ORACION_1.mp4
519,DAME,dame,0,AHI_ORACION_1/DAME_2.mp4,AHI_ORACION_1.mp4
520,PEZ,pez,0,DIECINUEVE_ORACION_1/PEZ_1.mp4,DIECINUEVE_ORACION_1.mp4
521,CUANTO,cuanto,0,DIECINUEVE_ORACION_1/CUANTO_2.mp4,DIECINUEVE_ORACION_1.mp4
522,DIECINUEVE,diecinueve,0,DIECINUEVE_ORACION_1/DIECINUEVE_3.mp4,DIECINUEVE_ORACION_1.mp4
523,ESCONDER,esconder,0,ESCONDER_ORACION_1/ESCONDER_3.mp4,ESCONDER_ORACION_1.mp4
524,POR-FAVOR,por,0,ESCONDER_ORACION_1/POR-FAVOR_2.mp4,ESCONDER_ORACION_1.mp4
525,OYE,oye,0,ESCONDER_ORACION_1/OYE_1.mp4,ESCONDER_ORACION_1.mp4
526,VIAJAR,viajar,0,CIUDAD_ORACION_1/VIAJAR_2.mp4,CIUDAD_ORACION_1.mp4
527,CIUDAD,ciudad,0,CIUDAD_ORACION_1/CIUDAD_3.mp4,CIUDAD_ORACION_1.mp4
528,YO,yo,0,CIUDAD_ORACION_1/YO_1.mp4,CIUDAD_ORACION_1.mp4
529,HERMOSA,hermosa,0,CIUDAD_ORACION_1/HERMOSA_4.mp4,CIUDAD_ORACION_1.mp4
530,CONTAR-MANUAL,contar,0,CONTAR-NUMEROS_ORACION_2/CONTAR-MANUAL_4.mp4,CONTAR-NUMEROS_ORACION_2.mp4
531,CAJA,caja,0,CONTAR-NUMEROS_ORACION_2/CAJA_1.mp4,CONTAR-NUMEROS_ORACION_2.mp4
532,CAJA,caja,0,CONTAR-NUMEROS_ORACION_2/CAJA_2.mp4,CONTAR-NUMEROS_ORACION_2.mp4
533,ESOS,esos,0,CONTAR-NUMEROS_ORACION_2/ESOS_3.mp4,CONTAR-NUMEROS_ORACION_2.mp4
534,QUERER,querer,0,CUAL_ORACION_1/QUERER_1.mp4,CUAL_ORACION_1.mp4
535,CUAL,cual,0,CUAL_ORACION_1/CUAL_5.mp4,CUAL_ORACION_1.mp4
536,CUAL,cual,0,CUAL_ORACION_1/CUAL_4.mp4,CUAL_ORACION_1.mp4
537,ZAPATO,zapato,0,CUAL_ORACION_1/ZAPATO_2.mp4,CUAL_ORACION_1.mp4
538,GUSTAR,gustar,0,CUAL_ORACION_1/GUSTAR_3.mp4,CUAL_ORACION_1.mp4
539,CLASE,clase,0,CATORCE_ORACION_2/CLASE_5.mp4,CATORCE_ORACION_2.mp4
540,UNO,uno,0,CATORCE_ORACION_2/UNO_6.mp4,CATORCE_ORACION_2.mp4
541,CATORCE,catorce,0,CATORCE_ORACION_2/CATORCE_10.mp4,CATORCE_ORACION_2.mp4
542,VER,ver,0,CATORCE_ORACION_2/VER_2.mp4,CATORCE_ORACION_2.mp4
543,YO,yo,0,CATORCE_ORACION_2/YO_1.mp4,CATORCE_ORACION_2.mp4
544,PRIMERO-DE-PRIMARIA,primero,0,CATORCE_ORACION_2/PRIMERO-DE-PRIMARIA_7.mp4,CATORCE_ORACION_2.mp4
545,IR,ir,0,CATORCE_ORACION_2/IR_3.mp4,CATORCE_ORACION_2.mp4
546,NIÑO,niño,0,CATORCE_ORACION_2/NIÑO_9.mp4,CATORCE_ORACION_2.mp4
547,NIÑO,niño,0,CATORCE_ORACION_2/NIÑO_8.mp4,CATORCE_ORACION_2.mp4
548,VER,ver,0,CATORCE_ORACION_2/VER_4.mp4,CATORCE_ORACION_2.mp4
549,DEBAJO,debajo,0,DEBAJO_ORACION_1/DEBAJO_5.mp4,DEBAJO_ORACION_1.mp4
550,VER,ver,0,DEBAJO_ORACION_1/VER_2.mp4,DEBAJO_ORACION_1.mp4
551,YO,yo,0,DEBAJO_ORACION_1/YO_1.mp4,DEBAJO_ORACION_1.mp4
552,GATO,gato,0,DEBAJO_ORACION_1/GATO_4.mp4,DEBAJO_ORACION_1.mp4
553,BUSCAR,buscar,0,DEBAJO_ORACION_1/BUSCAR_3.mp4,DEBAJO_ORACION_1.mp4
554,VIA-DOBLE-SENTIDO,via,0,AMBULANCIA_ORACION_1/VIA-DOBLE-SENTIDO_3.mp4,AMBULANCIA_ORACION_1.mp4
555,SIRENA,sirena,0,AMBULANCIA_ORACION_1/SIRENA_2.mp4,AMBULANCIA_ORACION_1.mp4
556,CARRO,carro,0,AMBULANCIA_ORACION_1/CARRO_1.mp4,AMBULANCIA_ORACION_1.mp4
557,DORMIR,dormir,0,DORMIR_ORACION_3/DORMIR_3.mp4,DORMIR_ORACION_3.mp4
558,MI,mi,0,DORMIR_ORACION_3/MI_1.mp4,DORMIR_ORACION_3.mp4
559,TIA,tia,0,DORMIR_ORACION_3/TIA_2.mp4,DORMIR_ORACION_3.mp4
560,ESPERAR,esperar,0,ESPERAR_ORACION_1/ESPERAR_5.mp4,ESPERAR_ORACION_1.mp4
561,UNO,uno,0,ESPERAR_ORACION_1/UNO_4.mp4,ESPERAR_ORACION_1.mp4
562,YO,yo,0,ESPERAR_ORACION_1/YO_2.mp4,ESPERAR_ORACION_1.mp4
563,TIEMPO,tiempo,0,ESPERAR_ORACION_1/TIEMPO_3.mp4,ESPERAR_ORACION_1.mp4
564,OYE,oye,0,ESPERAR_ORACION_1/OYE_1.mp4,ESPERAR_ORACION_1.mp4
565,YO,yo,0,FUTURO_ORACION_2/YO_1.mp4,FUTURO_ORACION_2.mp4
566,FUTURO,futuro,0,FUTURO_ORACION_2/FUTURO_2.mp4,FUTURO_ORACION_2.mp4
567,COMPRAR,comprar,0,FUTURO_ORACION_2/COMPRAR_3.mp4,FUTURO_ORACION_2.mp4
568,CARRO,carro,0,FUTURO_ORACION_2/CARRO_4.mp4,FUTURO_ORACION_2.mp4
569,CUANTO,cuanto,0,DIECISEIS_ORACION_1/CUANTO_2.mp4,DIECISEIS_ORACION_1.mp4
570,SILLA,silla,0,DIECISEIS_ORACION_1/SILLA_1.mp4,DIECISEIS_ORACION_1.mp4
571,DIECISEIS,dieciseis,0,DIECISEIS_ORACION_1/DIECISEIS_4.mp4,DIECISEIS_ORACION_1.mp4
572,YA,ya,0,DIECISEIS_ORACION_1/YA_3.mp4,DIECISEIS_ORACION_1.mp4
573,TIEMPO,tiempo,0,CAMA_ORACION_1/TIEMPO_2.mp4,CAMA_ORACION_1.mp4
574,DORMIR,dormir,0,CAMA_ORACION_1/DORMIR_6.mp4,CAMA_ORACION_1.mp4
575,CAMA,cama,0,CAMA_ORACION_1/CAMA_7.mp4,CAMA_ORACION_1.mp4
576,IR,ir,0,CAMA_ORACION_1/IR_5.mp4,CAMA_ORACION_1.mp4
577,YO,yo,0,CAMA_ORACION_1/YO_4.mp4,CAMA_ORACION_1.mp4
578,YA,ya,0,CAMA_ORACION_1/YA_3.mp4,CAMA_ORACION_1.mp4
579,MI,mi,0,CAMA_ORACION_1/MI_1.mp4,CAMA_ORACION_1.mp4
580,CASA,casa,0,FUNDAR_ORACION_1/CASA_1.mp4,FUNDAR_ORACION_1.mp4
581,ESCRIBIR,escribir,0,FUNDAR_ORACION_1/ESCRIBIR_6.mp4,FUNDAR_ORACION_1.mp4
582,PASADO,pasado,0,FUNDAR_ORACION_1/PASADO_3.mp4,FUNDAR_ORACION_1.mp4
583,FUNDAR,fundar,0,FUNDAR_ORACION_1/FUNDAR_4.mp4,FUNDAR_ORACION_1.mp4
584,EMPEZAR,empezar,0,FUNDAR_ORACION_1/EMPEZAR_5.mp4,FUNDAR_ORACION_1.mp4
585,PREGUNTAR,preguntar,0,FUNDAR_ORACION_1/PREGUNTAR_2.mp4,FUNDAR_ORACION_1.mp4
586,FALTAR,faltar,0,FALTAR_ORACION_1/FALTAR_3.mp4,FALTAR_ORACION_1.mp4
587,TIEMPO,tiempo,0,FALTAR_ORACION_1/TIEMPO_2.mp4,FALTAR_ORACION_1.mp4
588,FALTAR,faltar,0,FALTAR_ORACION_1/FALTAR_1.mp4,FALTAR_ORACION_1.mp4
589,LUEGO,luego,0,LUEGO_ORACION_2/LUEGO_1.mp4,LUEGO_ORACION_2.mp4
590,BAÑO,baño,0,LUEGO_ORACION_2/BAÑO_2.mp4,LUEGO_ORACION_2.mp4
591,TRES,tres,0,CONTAR-NUMEROS_ORACION_4/TRES_3.mp4,CONTAR-NUMEROS_ORACION_4.mp4
592,CAJA,caja,0,CONTAR-NUMEROS_ORACION_4/CAJA_1.mp4,CONTAR-NUMEROS_ORACION_4.mp4
593,CONTAR-MANUAL,contar,0,CONTAR-NUMEROS_ORACION_4/CONTAR-MANUAL_2.mp4,CONTAR-NUMEROS_ORACION_4.mp4
594,ENTREGAR,entregar,0,CONTAR-NUMEROS_ORACION_4/ENTREGAR_4.mp4,CONTAR-NUMEROS_ORACION_4.mp4
595,BICICLETA,bicicleta,0,BICICLETA_ORACION_1/BICICLETA_1.mp4,BICICLETA_ORACION_1.mp4
596,CRUZAR-BICICLETA,cruzar,0,BICICLETA_ORACION_1/CRUZAR-BICICLETA_2.mp4,BICICLETA_ORACION_1.mp4
597,LUEGO,luego,0,LUEGO_ORACION_1/LUEGO_1.mp4,LUEGO_ORACION_1.mp4
598,ESCRIBIR,escribir,0,LUEGO_ORACION_1/ESCRIBIR_2.mp4,LUEGO_ORACION_1.mp4
599,POLO,polo,0,CUARENTA_ORACION_1/POLO_3.mp4,CUARENTA_ORACION_1.mp4
600,BIEN,bien,0,CUARENTA_ORACION_1/BIEN_4.mp4,CUARENTA_ORACION_1.mp4
601,BONITO,bonito,0,CUARENTA_ORACION_1/BONITO_2.mp4,CUARENTA_ORACION_1.mp4
602,DINERO,dinero,0,CUARENTA_ORACION_1/DINERO_5.mp4,CUARENTA_ORACION_1.mp4
603,CUARENTA,cuarenta,0,CUARENTA_ORACION_1/CUARENTA_6.mp4,CUARENTA_ORACION_1.mp4
604,SOSTENER,sostener,0,CUARENTA_ORACION_1/SOSTENER_1.mp4,CUARENTA_ORACION_1.mp4
605,VIA-DOBLE-SENTIDO,via,0,CARRO-BOMBERO_ORACION_1/VIA-DOBLE-SENTIDO_4.mp4,CARRO-BOMBERO_ORACION_1.mp4
606,CONDUCIR,conducir,0,CARRO-BOMBERO_ORACION_1/CONDUCIR_1.mp4,CARRO-BOMBERO_ORACION_1.mp4
607,BOMBERO,bombero,0,CARRO-BOMBERO_ORACION_1/BOMBERO_2.mp4,CARRO-BOMBERO_ORACION_1.mp4
608,MANGUERA,manguera,0,CARRO-BOMBERO_ORACION_1/MANGUERA_3.mp4,CARRO-BOMBERO_ORACION_1.mp4
609,POR-FAVOR,por,0,ENCONTRAR_ORACION_1/POR-FAVOR_2.mp4,ENCONTRAR_ORACION_1.mp4
610,ENCONTRAR,encontrar,0,ENCONTRAR_ORACION_1/ENCONTRAR_5.mp4,ENCONTRAR_ORACION_1.mp4
611,HORA,hora,0,ENCONTRAR_ORACION_1/HORA_3.mp4,ENCONTRAR_ORACION_1.mp4
612,NUEVE,nueve,0,ENCONTRAR_ORACION_1/NUEVE_4.mp4,ENCONTRAR_ORACION_1.mp4
613,OYE,oye,0,ENCONTRAR_ORACION_1/OYE_1.mp4,ENCONTRAR_ORACION_1.mp4
614,VER,ver,0,MALO_ORACION_1/VER_6.mp4,MALO_ORACION_1.mp4
615,QUE,que,0,MALO_ORACION_1/QUE_4.mp4,MALO_ORACION_1.mp4
616,PERSONA-PEQUEÑA,persona,0,MALO_ORACION_1/PERSONA-PEQUEÑA_3.mp4,MALO_ORACION_1.mp4
617,MAMA,mama,0,MALO_ORACION_1/MAMA_1.mp4,MALO_ORACION_1.mp4
618,YO,yo,0,MALO_ORACION_1/YO_5.mp4,MALO_ORACION_1.mp4
619,MALO,malo,0,MALO_ORACION_1/MALO_7.mp4,MALO_ORACION_1.mp4
620,TIRAR,tirar,0,MALO_ORACION_1/TIRAR_2.mp4,MALO_ORACION_1.mp4
621,TIEMPO,tiempo,0,CAMA_ORACION_2/TIEMPO_2.mp4,CAMA_ORACION_2.mp4
622,DORMIR,dormir,0,CAMA_ORACION_2/DORMIR_6.mp4,CAMA_ORACION_2.mp4
623,CAMA,cama,0,CAMA_ORACION_2/CAMA_7.mp4,CAMA_ORACION_2.mp4
624,IR,ir,0,CAMA_ORACION_2/IR_5.mp4,CAMA_ORACION_2.mp4
625,YO,yo,0,CAMA_ORACION_2/YO_4.mp4,CAMA_ORACION_2.mp4
626,YA,ya,0,CAMA_ORACION_2/YA_3.mp4,CAMA_ORACION_2.mp4
627,MI,mi,0,CAMA_ORACION_2/MI_1.mp4,CAMA_ORACION_2.mp4
628,YO,yo,0,CONYUGE_ORACION_1/YO_1.mp4,CONYUGE_ORACION_1.mp4
629,IR,ir,0,CONYUGE_ORACION_1/IR_2.mp4,CONYUGE_ORACION_1.mp4
630,IGLESIA,iglesia,0,CONYUGE_ORACION_1/IGLESIA_4.mp4,CONYUGE_ORACION_1.mp4
631,FIRMAR,firmar,0,CONYUGE_ORACION_1/FIRMAR_3.mp4,CONYUGE_ORACION_1.mp4
632,CONYUGE,conyuge,0,CONYUGE_ORACION_1/CONYUGE_5.mp4,CONYUGE_ORACION_1.mp4
633,DECIR,decir,0,BOLA-DE-CRISTAL_ORACION_1/DECIR_6.mp4,BOLA-DE-CRISTAL_ORACION_1.mp4
634,FUTURO,futuro,0,BOLA-DE-CRISTAL_ORACION_1/FUTURO_4.mp4,BOLA-DE-CRISTAL_ORACION_1.mp4
635,DESEAR,desear,0,BOLA-DE-CRISTAL_ORACION_1/DESEAR_5.mp4,BOLA-DE-CRISTAL_ORACION_1.mp4
636,BOLA-DE-CRISTAL,bola,0,BOLA-DE-CRISTAL_ORACION_1/BOLA-DE-CRISTAL_2.mp4,BOLA-DE-CRISTAL_ORACION_1.mp4
637,DECIR,decir,0,BOLA-DE-CRISTAL_ORACION_1/DECIR_1.mp4,BOLA-DE-CRISTAL_ORACION_1.mp4
638,MI,mi,0,BOLA-DE-CRISTAL_ORACION_1/MI_3.mp4,BOLA-DE-CRISTAL_ORACION_1.mp4
639,MANDAR,mandar,0,MANDAR_ORACION_1/MANDAR_5.mp4,MANDAR_ORACION_1.mp4
640,POR-FAVOR,por,0,MANDAR_ORACION_1/POR-FAVOR_2.mp4,MANDAR_ORACION_1.mp4
641,YO,yo,0,MANDAR_ORACION_1/YO_4.mp4,MANDAR_ORACION_1.mp4
642,IR,ir,0,MANDAR_ORACION_1/IR_3.mp4,MANDAR_ORACION_1.mp4
643,BARRER,barrer,0,MANDAR_ORACION_1/BARRER_6.mp4,MANDAR_ORACION_1.mp4
644,OYE,oye,0,MANDAR_ORACION_1/OYE_1.mp4,MANDAR_ORACION_1.mp4
645,YA,ya,0,IMPOSIBLE_ORACION_1/YA_4.mp4,IMPOSIBLE_ORACION_1.mp4
646,DINOSAURIO,dinosaurio,0,IMPOSIBLE_ORACION_1/DINOSAURIO_8.mp4,IMPOSIBLE_ORACION_1.mp4
647,IMPOSIBLE,imposible,0,IMPOSIBLE_ORACION_1/IMPOSIBLE_9.mp4,IMPOSIBLE_ORACION_1.mp4
648,YO,yo,0,IMPOSIBLE_ORACION_1/YO_1.mp4,IMPOSIBLE_ORACION_1.mp4
649,GRANDE,grande,0,IMPOSIBLE_ORACION_1/GRANDE_6.mp4,IMPOSIBLE_ORACION_1.mp4
650,MUNDO,mundo,0,IMPOSIBLE_ORACION_1/MUNDO_11.mp4,IMPOSIBLE_ORACION_1.mp4
651,ANIMAL,animal,0,IMPOSIBLE_ORACION_1/ANIMAL_5.mp4,IMPOSIBLE_ORACION_1.mp4
652,DECIR,decir,0,IMPOSIBLE_ORACION_1/DECIR_2.mp4,IMPOSIBLE_ORACION_1.mp4
653,NO-HABER,no,0,IMPOSIBLE_ORACION_1/NO-HABER_10.mp4,IMPOSIBLE_ORACION_1.mp4
654,IGUAL,igual,0,IMPOSIBLE_ORACION_1/IGUAL_7.mp4,IMPOSIBLE_ORACION_1.mp4
655,VER,ver,0,IMPOSIBLE_ORACION_1/VER_3.mp4,IMPOSIBLE_ORACION_1.mp4
656,BAILAR,bailar,0,ABURRIDO_ORACION_3/BAILAR_3.mp4,ABURRIDO_ORACION_3.mp4
657,YO,yo,0,ABURRIDO_ORACION_3/YO_1.mp4,ABURRIDO_ORACION_3.mp4
658,IR,ir,0,ABURRIDO_ORACION_3/IR_2.mp4,ABURRIDO_ORACION_3.mp4
659,ABURRIDO,aburrido,0,ABURRIDO_ORACION_3/ABURRIDO_5.mp4,ABURRIDO_ORACION_3.mp4
660,YO,yo,0,ABURRIDO_ORACION_3/YO_4.mp4,ABURRIDO_ORACION_3.mp4
661,AHORA,ahora,0,AHORA_ORACION_2/AHORA_1.mp4,AHORA_ORACION_2.mp4
662,ESTUDIAR,estudiar,0,AHORA_ORACION_2/ESTUDIAR_2.mp4,AHORA_ORACION_2.mp4
663,HOSPITAL,hospital,0,ESTAR-BIEN_ORACION_2/HOSPITAL_2.mp4,ESTAR-BIEN_ORACION_2.mp4
664,ESTAR-BIEN,estar,0,ESTAR-BIEN_ORACION_2/ESTAR-BIEN_3.mp4,ESTAR-BIEN_ORACION_2.mp4
665,ABUELO,abuelo,0,ESTAR-BIEN_ORACION_2/ABUELO_1.mp4,ESTAR-BIEN_ORACION_2.mp4
666,YO,yo,0,IDEA_ORACION_2/YO_1.mp4,IDEA_ORACION_2.mp4
667,SEÑAR,señar ,0,IDEA_ORACION_2/SEÑAR_5.mp4,IDEA_ORACION_2.mp4
668,ESCRIBIR,escribir,0,IDEA_ORACION_2/ESCRIBIR_2.mp4,IDEA_ORACION_2.mp4
669,IDEA,idea,0,IDEA_ORACION_2/IDEA_4.mp4,IDEA_ORACION_2.mp4
670,SEÑAR,señar ,0,IDEA_ORACION_2/SEÑAR_3.mp4,IDEA_ORACION_2.mp4
671,GRABAR,grabar,0,DESPUES_ORACION_4/GRABAR_2.mp4,DESPUES_ORACION_4.mp4
672,DESPUES,despu,0,DESPUES_ORACION_4/DESPUES_3.mp4,DESPUES_ORACION_4.mp4
673,DESPUES,despu,0,DESPUES_ORACION_4/DESPUES_1.mp4,DESPUES_ORACION_4.mp4
674,SONAR-TELEFONO,sonar,0,TELEFONO_ORACION_2/SONAR-TELEFONO_2.mp4,TELEFONO_ORACION_2.mp4
675,OCUPADO,ocupado,0,TELEFONO_ORACION_2/OCUPADO_1.mp4,TELEFONO_ORACION_2.mp4
676,BUENO,bueno,0,TELEFONO_ORACION_2/BUENO_4.mp4,TELEFONO_ORACION_2.mp4
677,TELEFONO,telefono,0,TELEFONO_ORACION_2/TELEFONO_3.mp4,TELEFONO_ORACION_2.mp4
678,FRIO,frio,0,FRIO_ORACION_2/FRIO_2.mp4,FRIO_ORACION_2.mp4
679,SENTIR,sentir,0,FRIO_ORACION_2/SENTIR_1.mp4,FRIO_ORACION_2.mp4
680,VER,ver,0,DOCE_ORACION_2/VER_2.mp4,DOCE_ORACION_2.mp4
681,YO,yo,0,DOCE_ORACION_2/YO_1.mp4,DOCE_ORACION_2.mp4
682,PENSAR,pensar,0,DOCE_ORACION_2/PENSAR_4.mp4,DOCE_ORACION_2.mp4
683,OJOS,ojo,0,DOCE_ORACION_2/OJOS_6.mp4,DOCE_ORACION_2.mp4
684,VER,ver,0,DOCE_ORACION_2/VER_5.mp4,DOCE_ORACION_2.mp4
685,IMPOSIBLE,imposible,0,DOCE_ORACION_2/IMPOSIBLE_3.mp4,DOCE_ORACION_2.mp4
686,DOCE,doce,0,DOCE_ORACION_2/DOCE_8.mp4,DOCE_ORACION_2.mp4
687,HABER,haber,0,DOCE_ORACION_2/HABER_7.mp4,DOCE_ORACION_2.mp4
688,FALTA,falta,0,LENTES-DE-SOL-ORACION_1/FALTA_8.mp4,LENTES-DE-SOL-ORACION_1.mp4
689,NECESITAR,necesitar,0,LENTES-DE-SOL-ORACION_1/NECESITAR_4.mp4,LENTES-DE-SOL-ORACION_1.mp4
690,YO,yo,0,LENTES-DE-SOL-ORACION_1/YO_3.mp4,LENTES-DE-SOL-ORACION_1.mp4
691,INCOMODAR,incomodar,0,LENTES-DE-SOL-ORACION_1/INCOMODAR_10.mp4,LENTES-DE-SOL-ORACION_1.mp4
692,YO,yo,0,LENTES-DE-SOL-ORACION_1/YO_1.mp4,LENTES-DE-SOL-ORACION_1.mp4
693,POR-FAVOR,por,0,LENTES-DE-SOL-ORACION_1/POR-FAVOR_2.mp4,LENTES-DE-SOL-ORACION_1.mp4
694,YO,yo,0,LENTES-DE-SOL-ORACION_1/YO_7.mp4,LENTES-DE-SOL-ORACION_1.mp4
695,BRILLO,brillo,0,LENTES-DE-SOL-ORACION_1/BRILLO_9.mp4,LENTES-DE-SOL-ORACION_1.mp4
696,LENTES,lent,0,LENTES-DE-SOL-ORACION_1/LENTES_5.mp4,LENTES-DE-SOL-ORACION_1.mp4
697,SOL,sol,0,LENTES-DE-SOL-ORACION_1/SOL_6.mp4,LENTES-DE-SOL-ORACION_1.mp4
698,VER,ver,0,FORTACHON_ORACION_1/VER_2.mp4,FORTACHON_ORACION_1.mp4
699,YO,yo,0,FORTACHON_ORACION_1/YO_1.mp4,FORTACHON_ORACION_1.mp4
700,FORTACHON,fortachon,0,FORTACHON_ORACION_1/FORTACHON_4.mp4,FORTACHON_ORACION_1.mp4
701,LINDO,lindo,0,FORTACHON_ORACION_1/LINDO_3.mp4,FORTACHON_ORACION_1.mp4
702,YA,ya,0,SUDAR_ORACION_1/YA_4.mp4,SUDAR_ORACION_1.mp4
703,YO,yo,0,SUDAR_ORACION_1/YO_1.mp4,SUDAR_ORACION_1.mp4
704,MUCHO-TIEMPO,mucho,0,SUDAR_ORACION_1/MUCHO-TIEMPO_3.mp4,SUDAR_ORACION_1.mp4
705,ATARDECER,atardecer,0,SUDAR_ORACION_1/ATARDECER_5.mp4,SUDAR_ORACION_1.mp4
706,YA,ya,0,SUDAR_ORACION_1/YA_6.mp4,SUDAR_ORACION_1.mp4
707,SUDAR,sudar,0,SUDAR_ORACION_1/SUDAR_7.mp4,SUDAR_ORACION_1.mp4
708,JUGAR,jugar,0,SUDAR_ORACION_1/JUGAR_2.mp4,SUDAR_ORACION_1.mp4
709,DONDE,donde,0,DONDE_ORACION_1/DONDE_1.mp4,DONDE_ORACION_1.mp4
710,DONDE,donde,0,DONDE_ORACION_1/DONDE_3.mp4,DONDE_ORACION_1.mp4
711,LUGAR,lugar,0,DONDE_ORACION_1/LUGAR_2.mp4,DONDE_ORACION_1.mp4
712,BAJAR-ESCALERA,bajar,0,BAJAR-ESCALERA_ORACION_1/BAJAR-ESCALERA_2.mp4,BAJAR-ESCALERA_ORACION_1.mp4
713,CAER-ESCALERA,caer,0,BAJAR-ESCALERA_ORACION_1/CAER-ESCALERA_3.mp4,BAJAR-ESCALERA_ORACION_1.mp4
714,YO,yo,0,BAJAR-ESCALERA_ORACION_1/YO_1.mp4,BAJAR-ESCALERA_ORACION_1.mp4
715,YA,ya,0,MANDAR_ORACION_2/YA_2.mp4,MANDAR_ORACION_2.mp4
716,ENVIAR,enviar,0,MANDAR_ORACION_2/ENVIAR_3.mp4,MANDAR_ORACION_2.mp4
717,OYE,oye,0,MANDAR_ORACION_2/OYE_1.mp4,MANDAR_ORACION_2.mp4
718,NO,no,0,ENGAÑAR_ORACION_1/NO_4.mp4,ENGAÑAR_ORACION_1.mp4
719,YO,yo,0,ENGAÑAR_ORACION_1/YO_3.mp4,ENGAÑAR_ORACION_1.mp4
720,ENGAÑAR,engañar,0,ENGAÑAR_ORACION_1/ENGAÑAR_7.mp4,ENGAÑAR_ORACION_1.mp4
721,YO,yo,0,ENGAÑAR_ORACION_1/YO_6.mp4,ENGAÑAR_ORACION_1.mp4
722,NO,no,0,ENGAÑAR_ORACION_1/NO_2.mp4,ENGAÑAR_ORACION_1.mp4
723,POR-FAVOR,por,0,ENGAÑAR_ORACION_1/POR-FAVOR_1.mp4,ENGAÑAR_ORACION_1.mp4
724,QUERER,querer,0,ENGAÑAR_ORACION_1/QUERER_5.mp4,ENGAÑAR_ORACION_1.mp4
725,POR-FAVOR,por,0,ENGAÑAR_ORACION_1/POR-FAVOR_8.mp4,ENGAÑAR_ORACION_1.mp4
726,HOY,hoy,0,HOY_ORACION_2/HOY_1.mp4,HOY_ORACION_2.mp4
727,YO,yo,0,HOY_ORACION_2/YO_2.mp4,HOY_ORACION_2.mp4
728,IR,ir,0,HOY_ORACION_2/IR_3.mp4,HOY_ORACION_2.mp4
729,FIESTA,fiesta,0,HOY_ORACION_2/FIESTA_4.mp4,HOY_ORACION_2.mp4
730,VIAJAR,viajar,0,FRIO_ORACION_1/VIAJAR_2.mp4,FRIO_ORACION_1.mp4
731,YO,yo,0,FRIO_ORACION_1/YO_1.mp4,FRIO_ORACION_1.mp4
732,LUGAR,lugar,0,FRIO_ORACION_1/LUGAR_3.mp4,FRIO_ORACION_1.mp4
733,FRIO,frio,0,FRIO_ORACION_1/FRIO_4.mp4,FRIO_ORACION_1.mp4
734,NO,no,0,PRESENTE_ORACION_1/NO_3.mp4,PRESENTE_ORACION_1.mp4
735,PRESENTE,presente,0,PRESENTE_ORACION_1/PRESENTE_5.mp4,PRESENTE_ORACION_1.mp4
736,QUÉ,qué,0,PRESENTE_ORACION_1/QUÉ_2.mp4,PRESENTE_ORACION_1.mp4
737,XI,xi,0,PRESENTE_ORACION_1/XI_4.mp4,PRESENTE_ORACION_1.mp4
738,OYE,oye,0,PRESENTE_ORACION_1/OYE_1.mp4,PRESENTE_ORACION_1.mp4
739,CUANTO,cuanto,0,DIECISEIS_ORACION_2/CUANTO_3.mp4,DIECISEIS_ORACION_2.mp4
740,MONO,mono,0,DIECISEIS_ORACION_2/MONO_2.mp4,DIECISEIS_ORACION_2.mp4
741,CUANTO,cuanto,0,DIECISEIS_ORACION_2/CUANTO_1.mp4,DIECISEIS_ORACION_2.mp4
742,DIECISEIS,dieciseis,0,DIECISEIS_ORACION_2/DIECISEIS_4.mp4,DIECISEIS_ORACION_2.mp4
743,ESQUINA,esquina,0,IR_ORACION_5/ESQUINA_2.mp4,IR_ORACION_5.mp4
744,ENCONTRARSE,encontrar él,0,IR_ORACION_5/ENCONTRARSE_4.mp4,IR_ORACION_5.mp4
745,ESPERAR,esperar,0,IR_ORACION_5/ESPERAR_3.mp4,IR_ORACION_5.mp4
746,IR,ir,0,IR_ORACION_5/IR_1.mp4,IR_ORACION_5.mp4
747,CUANDO,cuando,0,CUANDO_ORACION_2/CUANDO_3.mp4,CUANDO_ORACION_2.mp4
748,FUTBOL,futbol,0,CUANDO_ORACION_2/FUTBOL_1.mp4,CUANDO_ORACION_2.mp4
749,ENTRAR,entrar,0,CUANDO_ORACION_2/ENTRAR_2.mp4,CUANDO_ORACION_2.mp4
750,SILLA,silla,0,CATORCE_ORACION_3/SILLA_5.mp4,CATORCE_ORACION_3.mp4
751,SILLA,silla,0,CATORCE_ORACION_3/SILLA_6.mp4,CATORCE_ORACION_3.mp4
752,HABER,haber,0,CATORCE_ORACION_3/HABER_3.mp4,CATORCE_ORACION_3.mp4
753,SILLA,silla,0,CATORCE_ORACION_3/SILLA_7.mp4,CATORCE_ORACION_3.mp4
754,CATORCE,catorce,0,CATORCE_ORACION_3/CATORCE_8.mp4,CATORCE_ORACION_3.mp4
755,MI,mi,0,CATORCE_ORACION_3/MI_1.mp4,CATORCE_ORACION_3.mp4
756,COLEGIO,colegio,0,CATORCE_ORACION_3/COLEGIO_2.mp4,CATORCE_ORACION_3.mp4
757,DIEZ,diez,0,CATORCE_ORACION_3/DIEZ_4.mp4,CATORCE_ORACION_3.mp4
758,DONDE,donde,0,PREGUNTAR_ORACION_2/DONDE_7.mp4,PREGUNTAR_ORACION_2.mp4
759,MI,mi,0,PREGUNTAR_ORACION_2/MI_4.mp4,PREGUNTAR_ORACION_2.mp4
760,QUE,que,0,PREGUNTAR_ORACION_2/QUE_6.mp4,PREGUNTAR_ORACION_2.mp4
761,OYE,oye,0,PREGUNTAR_ORACION_2/OYE_3.mp4,PREGUNTAR_ORACION_2.mp4
762,PREGUNTAR,preguntar,0,PREGUNTAR_ORACION_2/PREGUNTAR_8.mp4,PREGUNTAR_ORACION_2.mp4
763,BUSCAR,buscar,0,PREGUNTAR_ORACION_2/BUSCAR_1.mp4,PREGUNTAR_ORACION_2.mp4
764,QUE,que,0,PREGUNTAR_ORACION_2/QUE_2.mp4,PREGUNTAR_ORACION_2.mp4
765,PAPA,papa,0,PREGUNTAR_ORACION_2/PAPA_5.mp4,PREGUNTAR_ORACION_2.mp4
766,YA,ya,0,CHAU_ORACION_1/YA_4.mp4,CHAU_ORACION_1.mp4
767,BUENO,bueno,0,CHAU_ORACION_1/BUENO_1.mp4,CHAU_ORACION_1.mp4
768,YO,yo,0,CHAU_ORACION_1/YO_2.mp4,CHAU_ORACION_1.mp4
769,BESO,beso,0,CHAU_ORACION_1/BESO_8.mp4,CHAU_ORACION_1.mp4
770,HORA,hora,0,CHAU_ORACION_1/HORA_3.mp4,CHAU_ORACION_1.mp4
771,CHAU,chau,0,CHAU_ORACION_1/CHAU_9.mp4,CHAU_ORACION_1.mp4
772,CHAU,chau,0,CHAU_ORACION_1/CHAU_7.mp4,CHAU_ORACION_1.mp4
773,YO,yo,0,CHAU_ORACION_1/YO_5.mp4,CHAU_ORACION_1.mp4
774,IR,ir,0,CHAU_ORACION_1/IR_6.mp4,CHAU_ORACION_1.mp4
775,CAMINAR-PERSONA,caminar,0,CHAU_ORACION_1/CAMINAR-PERSONA_10.mp4,CHAU_ORACION_1.mp4
776,DESPARECER,desparecer,0,DESAPARECER_ORACION_1/DESPARECER_3.mp4,DESAPARECER_ORACION_1.mp4
777,MI,mi,0,DESAPARECER_ORACION_1/MI_1.mp4,DESAPARECER_ORACION_1.mp4
778,LLAVE,llave,0,DESAPARECER_ORACION_1/LLAVE_2.mp4,DESAPARECER_ORACION_1.mp4
779,CAMIONETA,camioneta,0,CAMIONETA_ORACION_1/CAMIONETA_2.mp4,CAMIONETA_ORACION_1.mp4
780,CONDUCIR,conducir,0,CAMIONETA_ORACION_1/CONDUCIR_1.mp4,CAMIONETA_ORACION_1.mp4
781,VIA-DOBLE-SENTIDO,via,0,CAMIONETA_ORACION_1/VIA-DOBLE-SENTIDO_3.mp4,CAMIONETA_ORACION_1.mp4
782,BOLSILLO,bolsillo,0,MUCHO-DINERO_ORACION_1/BOLSILLO_2.mp4,MUCHO-DINERO_ORACION_1.mp4
783,DINERO,dinero,0,MUCHO-DINERO_ORACION_1/DINERO_3.mp4,MUCHO-DINERO_ORACION_1.mp4
784,MUCHO-DINERO,mucho,0,MUCHO-DINERO_ORACION_1/MUCHO-DINERO_4.mp4,MUCHO-DINERO_ORACION_1.mp4
785,YO,yo,0,MUCHO-DINERO_ORACION_1/YO_1.mp4,MUCHO-DINERO_ORACION_1.mp4
786,CALOR,calor,0,ABURRIDO_ORACION_2/CALOR_4.mp4,ABURRIDO_ORACION_2.mp4
787,CAMINAR,caminar,0,ABURRIDO_ORACION_2/CAMINAR_2.mp4,ABURRIDO_ORACION_2.mp4
788,YO,yo,0,ABURRIDO_ORACION_2/YO_1.mp4,ABURRIDO_ORACION_2.mp4
789,ABURRIDO,aburrido,0,ABURRIDO_ORACION_2/ABURRIDO_6.mp4,ABURRIDO_ORACION_2.mp4
790,INTENSO,intenso,0,ABURRIDO_ORACION_2/INTENSO_5.mp4,ABURRIDO_ORACION_2.mp4
791,ABURRIDO,aburrido,0,ABURRIDO_ORACION_2/ABURRIDO_3.mp4,ABURRIDO_ORACION_2.mp4
792,ALTO,alto,0,PERSONA-PEQUEÑA_ORACION_3/ALTO_2.mp4,PERSONA-PEQUEÑA_ORACION_3.mp4
793,YO,yo,0,PERSONA-PEQUEÑA_ORACION_3/YO_1.mp4,PERSONA-PEQUEÑA_ORACION_3.mp4
794,PERSONA-PEQUEÑA,persona,0,PERSONA-PEQUEÑA_ORACION_3/PERSONA-PEQUEÑA_3.mp4,PERSONA-PEQUEÑA_ORACION_3.mp4
795,ODIAR,odiar,0,DECIRME_ORACION_1/ODIAR_2.mp4,DECIRME_ORACION_1.mp4
796,DECIR,decir,0,DECIRME_ORACION_1/DECIR_1.mp4,DECIRME_ORACION_1.mp4
797,COMPRAR,comprar,0,CORTINA_ORACION_1/COMPRAR_1.mp4,CORTINA_ORACION_1.mp4
798,CORTINA,cortina,0,CORTINA_ORACION_1/CORTINA_2.mp4,CORTINA_ORACION_1.mp4
799,MAMA,mama,0,IR_ORACION_4/MAMA_4.mp4,IR_ORACION_4.mp4
800,VISITAR,visitar,0,IR_ORACION_4/VISITAR_2.mp4,IR_ORACION_4.mp4
801,CASA,casa,0,IR_ORACION_4/CASA_3.mp4,IR_ORACION_4.mp4
802,IR,ir,0,IR_ORACION_4/IR_1.mp4,IR_ORACION_4.mp4
803,IMPOSIBLE,imposible,0,INFIEL_ORACION_1/IMPOSIBLE_2.mp4,INFIEL_ORACION_1.mp4
804,INFIEL,infiel,0,INFIEL_ORACION_1/INFIEL_6.mp4,INFIEL_ORACION_1.mp4
805,YO,yo,0,INFIEL_ORACION_1/YO_3.mp4,INFIEL_ORACION_1.mp4
806,MI,mi,0,INFIEL_ORACION_1/MI_4.mp4,INFIEL_ORACION_1.mp4
807,ENAMORADO,enamorado,0,INFIEL_ORACION_1/ENAMORADO_5.mp4,INFIEL_ORACION_1.mp4
808,DECIR,decir,0,INFIEL_ORACION_1/DECIR_1.mp4,INFIEL_ORACION_1.mp4
809,EMPUJAR,empujar,0,IGUAL_ORACION_6/EMPUJAR_5.mp4,IGUAL_ORACION_6.mp4
810,IGUAL,igual,0,IGUAL_ORACION_6/IGUAL_6.mp4,IGUAL_ORACION_6.mp4
811,YO,yo,0,IGUAL_ORACION_6/YO_3.mp4,IGUAL_ORACION_6.mp4
812,YO,yo,0,IGUAL_ORACION_6/YO_1.mp4,IGUAL_ORACION_6.mp4
813,IGUAL,igual,0,IGUAL_ORACION_6/IGUAL_4.mp4,IGUAL_ORACION_6.mp4
814,EMPUJAR,empujar,0,IGUAL_ORACION_6/EMPUJAR_2.mp4,IGUAL_ORACION_6.mp4
815,BIEN,bien,0,BIEN_ORACION_3/BIEN_2.mp4,BIEN_ORACION_3.mp4
816,YO,yo,0,BIEN_ORACION_3/YO_1.mp4,BIEN_ORACION_3.mp4
817,ATRAPAR,atrapar,0,ATRAPAR_ORACION_1/ATRAPAR_3.mp4,ATRAPAR_ORACION_1.mp4
818,VER,ver,0,ATRAPAR_ORACION_1/VER_2.mp4,ATRAPAR_ORACION_1.mp4
819,YO,yo,0,ATRAPAR_ORACION_1/YO_1.mp4,ATRAPAR_ORACION_1.mp4
820,ESPERAR,esperar,0,JOVEN_ORACION_3/ESPERAR_1.mp4,JOVEN_ORACION_3.mp4
821,VIEJO,viejo,0,JOVEN_ORACION_3/VIEJO_4.mp4,JOVEN_ORACION_3.mp4
822,YO,yo,0,JOVEN_ORACION_3/YO_3.mp4,JOVEN_ORACION_3.mp4
823,JOVEN,joven,0,JOVEN_ORACION_3/JOVEN_7.mp4,JOVEN_ORACION_3.mp4
824,YO,yo,0,JOVEN_ORACION_3/YO_6.mp4,JOVEN_ORACION_3.mp4
825,NO,no,0,JOVEN_ORACION_3/NO_5.mp4,JOVEN_ORACION_3.mp4
826,QUE,que,0,JOVEN_ORACION_3/QUE_8.mp4,JOVEN_ORACION_3.mp4
827,DISCULPA,disculpa,0,JOVEN_ORACION_3/DISCULPA_2.mp4,JOVEN_ORACION_3.mp4
828,BIEN,bien,0,BIEN_ORACION_2/BIEN_3.mp4,BIEN_ORACION_2.mp4
829,YO,yo,0,BIEN_ORACION_2/YO_1.mp4,BIEN_ORACION_2.mp4
830,CAMINAR-PERSONA,caminar,0,BIEN_ORACION_2/CAMINAR-PERSONA_2.mp4,BIEN_ORACION_2.mp4
831,GRANDE,grande,0,CAJA_ORACION_2/GRANDE_1.mp4,CAJA_ORACION_2.mp4
832,TRAER-CAJA,traer,0,CAJA_ORACION_2/TRAER-CAJA_2.mp4,CAJA_ORACION_2.mp4
833,CARGAR-CAJA,cargar,0,CAJA_ORACION_2/CARGAR-CAJA_3.mp4,CAJA_ORACION_2.mp4
834,CUANDO,cuando,0,CUANDO_ORACION_1/CUANDO_4.mp4,CUANDO_ORACION_1.mp4
835,YO,yo,0,CUANDO_ORACION_1/YO_1.mp4,CUANDO_ORACION_1.mp4
836,QUERER,querer,0,CUANDO_ORACION_1/QUERER_2.mp4,CUANDO_ORACION_1.mp4
837,ENTRAR,entrar,0,CUANDO_ORACION_1/ENTRAR_3.mp4,CUANDO_ORACION_1.mp4
838,PERRO,perro,0,DAR-PASOS_ORACION_1/PERRO_6.mp4,DAR-PASOS_ORACION_1.mp4
839,PELEA,pelea,0,DAR-PASOS_ORACION_1/PELEA_5.mp4,DAR-PASOS_ORACION_1.mp4
840,DOS-PERSONAS,dos,0,DAR-PASOS_ORACION_1/DOS-PERSONAS_10.mp4,DAR-PASOS_ORACION_1.mp4
841,YO,yo,0,DAR-PASOS_ORACION_1/YO_1.mp4,DAR-PASOS_ORACION_1.mp4
842,CAMINAR-PERSONA,caminar,0,DAR-PASOS_ORACION_1/CAMINAR-PERSONA_2.mp4,DAR-PASOS_ORACION_1.mp4
843,VER,ver,0,DAR-PASOS_ORACION_1/VER_9.mp4,DAR-PASOS_ORACION_1.mp4
844,VER,ver,0,DAR-PASOS_ORACION_1/VER_12.mp4,DAR-PASOS_ORACION_1.mp4
845,DAR-PASOS,dar,0,DAR-PASOS_ORACION_1/DAR-PASOS_14.mp4,DAR-PASOS_ORACION_1.mp4
846,ENAMORADO,enamorado,0,DAR-PASOS_ORACION_1/ENAMORADO_11.mp4,DAR-PASOS_ORACION_1.mp4
847,DAR-PASOS,dar,0,DAR-PASOS_ORACION_1/DAR-PASOS_3.mp4,DAR-PASOS_ORACION_1.mp4
848,NO-IMPORTAR,no,0,DAR-PASOS_ORACION_1/NO-IMPORTAR_13.mp4,DAR-PASOS_ORACION_1.mp4
849,PELEA,pelea,0,DAR-PASOS_ORACION_1/PELEA_7.mp4,DAR-PASOS_ORACION_1.mp4
850,VER,ver,0,DAR-PASOS_ORACION_1/VER_4.mp4,DAR-PASOS_ORACION_1.mp4
851,DAR-PASOS,dar,0,DAR-PASOS_ORACION_1/DAR-PASOS_8.mp4,DAR-PASOS_ORACION_1.mp4
852,YA,ya,0,CERRAR-CAJON_ORACION_2/YA_5.mp4,CERRAR-CAJON_ORACION_2.mp4
853,GUARDAR,guardar,0,CERRAR-CAJON_ORACION_2/GUARDAR_2.mp4,CERRAR-CAJON_ORACION_2.mp4
854,ABRIR-CAJÓN,abrir,0,CERRAR-CAJON_ORACION_2/ABRIR-CAJÓN_4.mp4,CERRAR-CAJON_ORACION_2.mp4
855,LIBRO,libro,0,CERRAR-CAJON_ORACION_2/LIBRO_1.mp4,CERRAR-CAJON_ORACION_2.mp4
856,CERRAR-CAJON,cerrar,0,CERRAR-CAJON_ORACION_2/CERRAR-CAJON_6.mp4,CERRAR-CAJON_ORACION_2.mp4
857,VER,ver,0,CERRAR-CAJON_ORACION_2/VER_3.mp4,CERRAR-CAJON_ORACION_2.mp4
858,CARGAR,cargar,0,CAJA_ORACION_1/CARGAR_4.mp4,CAJA_ORACION_1.mp4
859,GUARDAR,guardar,0,CAJA_ORACION_1/GUARDAR_2.mp4,CAJA_ORACION_1.mp4
860,GUARDAR,guardar,0,CAJA_ORACION_1/GUARDAR_3.mp4,CAJA_ORACION_1.mp4
861,CAJA,caja,0,CAJA_ORACION_1/CAJA_1.mp4,CAJA_ORACION_1.mp4
862,IR,ir,0,DONDE_ORACION_2/IR_2.mp4,DONDE_ORACION_2.mp4
863,DONDE,donde,0,DONDE_ORACION_2/DONDE_3.mp4,DONDE_ORACION_2.mp4
864,PENSAR,pensar,0,DONDE_ORACION_2/PENSAR_1.mp4,DONDE_ORACION_2.mp4
865,YO,yo,0,ENCONTRAR_ORACION_3/YO_1.mp4,ENCONTRAR_ORACION_3.mp4
866,FINO,fino,0,ENCONTRAR_ORACION_3/FINO_5.mp4,ENCONTRAR_ORACION_3.mp4
867,CELULAR,celular,0,ENCONTRAR_ORACION_3/CELULAR_4.mp4,ENCONTRAR_ORACION_3.mp4
868,CASUALIDAD,casualidad,0,ENCONTRAR_ORACION_3/CASUALIDAD_2.mp4,ENCONTRAR_ORACION_3.mp4
869,ENCONTRAR,encontrar,0,ENCONTRAR_ORACION_3/ENCONTRAR_3.mp4,ENCONTRAR_ORACION_3.mp4
870,YO,yo,0,IGUAL_ORACION_4/YO_1.mp4,IGUAL_ORACION_4.mp4
871,IGUAL,igual,0,IGUAL_ORACION_4/IGUAL_3.mp4,IGUAL_ORACION_4.mp4
872,PARTICIPAR,participar,0,IGUAL_ORACION_4/PARTICIPAR_2.mp4,IGUAL_ORACION_4.mp4
873,VER,ver,0,MUCHO_ORACION_1/VER_2.mp4,MUCHO_ORACION_1.mp4
874,YO,yo,0,MUCHO_ORACION_1/YO_1.mp4,MUCHO_ORACION_1.mp4
875,MUCHO,mucho,0,MUCHO_ORACION_1/MUCHO_4.mp4,MUCHO_ORACION_1.mp4
876,LLAVE,llave,0,MUCHO_ORACION_1/LLAVE_3.mp4,MUCHO_ORACION_1.mp4
877,ACERCARSE,acercar él,0,ACERCARSE_ORACION_1/ACERCARSE_1.mp4,ACERCARSE_ORACION_1.mp4
878,HOY,hoy,0,ACERCARSE_ORACION_1/HOY_2.mp4,ACERCARSE_ORACION_1.mp4
879,JUAN,juan,0,ACERCARSE_ORACION_1/JUAN_3.mp4,ACERCARSE_ORACION_1.mp4
880,YO,yo,0,ENTRAR_ORACION_1/YO_1.mp4,ENTRAR_ORACION_1.mp4
881,ENTRAR,entrar,0,ENTRAR_ORACION_1/ENTRAR_2.mp4,ENTRAR_ORACION_1.mp4
882,COLEGIO,colegio,0,ENTRAR_ORACION_1/COLEGIO_3.mp4,ENTRAR_ORACION_1.mp4
883,FLACO,flaco,0,FLACO_ORACION_1/FLACO_2.mp4,FLACO_ORACION_1.mp4
884,SORPRESA,sorpresa,0,FLACO_ORACION_1/SORPRESA_1.mp4,FLACO_ORACION_1.mp4
885,PERSONA-PEQUEÑA,persona,0,PERSONA-PEQUEÑA_ORACION_2/PERSONA-PEQUEÑA_1.mp4,PERSONA-PEQUEÑA_ORACION_2.mp4
886,BUSCAR,buscar,0,GORRO_ORACION_1/BUSCAR_4.mp4,GORRO_ORACION_1.mp4
887,YO,yo,0,GORRO_ORACION_1/YO_1.mp4,GORRO_ORACION_1.mp4
888,IR,ir,0,GORRO_ORACION_1/IR_2.mp4,GORRO_ORACION_1.mp4
889,PLAYA,playa,0,GORRO_ORACION_1/PLAYA_3.mp4,GORRO_ORACION_1.mp4
890,GORRO,gorro,0,GORRO_ORACION_1/GORRO_1_5.mp4,GORRO_ORACION_1.mp4
891,CUATRO,cuatro,0,CUATRO_ORACION_1/CUATRO_3.mp4,CUATRO_ORACION_1.mp4
892,MAMA,mama,0,CUATRO_ORACION_1/MAMA_2.mp4,CUATRO_ORACION_1.mp4
893,LLEGAR,llegar,0,CUATRO_ORACION_1/LLEGAR_4.mp4,CUATRO_ORACION_1.mp4
894,AYUDAR,ayudar,0,CUATRO_ORACION_1/AYUDAR_5.mp4,CUATRO_ORACION_1.mp4
895,ENSEÑAR,enseñar,0,CUATRO_ORACION_1/ENSEÑAR_6.mp4,CUATRO_ORACION_1.mp4
896,SEÑAR,señar ,0,CUATRO_ORACION_1/SEÑAR_7.mp4,CUATRO_ORACION_1.mp4
897,IX,ix,0,CUATRO_ORACION_1/IX_1.mp4,CUATRO_ORACION_1.mp4
898,YA,ya,0,CAER_ORACION_3/YA_4.mp4,CAER_ORACION_3.mp4
899,YO,yo,0,CAER_ORACION_3/YO_1.mp4,CAER_ORACION_3.mp4
900,MUCHO-TIEMPO,mucho,0,CAER_ORACION_3/MUCHO-TIEMPO_3.mp4,CAER_ORACION_3.mp4
901,ATARDECER,atardecer,0,CAER_ORACION_3/ATARDECER_5.mp4,CAER_ORACION_3.mp4
902,YA,ya,0,CAER_ORACION_3/YA_6.mp4,CAER_ORACION_3.mp4
903,SUDAR,sudar,0,CAER_ORACION_3/SUDAR_7.mp4,CAER_ORACION_3.mp4
904,JUGAR,jugar,0,CAER_ORACION_3/JUGAR_2.mp4,CAER_ORACION_3.mp4
905,HIJO,hijo,0,HIJO_ORACION_2/HIJO_2.mp4,HIJO_ORACION_2.mp4
906,YO,yo,0,HIJO_ORACION_2/YO_1.mp4,HIJO_ORACION_2.mp4
907,IR,ir,0,HIJO_ORACION_2/IR_3.mp4,HIJO_ORACION_2.mp4
908,ESTUDIAR,estudiar,0,HIJO_ORACION_2/ESTUDIAR_4.mp4,HIJO_ORACION_2.mp4
909,BIEN,bien,0,CONTAR_ORACION_1/BIEN_5.mp4,CONTAR_ORACION_1.mp4
910,HISTORIA,historia,0,CONTAR_ORACION_1/HISTORIA_2.mp4,CONTAR_ORACION_1.mp4
911,DECIR,decir,0,CONTAR_ORACION_1/DECIR_3.mp4,CONTAR_ORACION_1.mp4
912,UNO,uno,0,CONTAR_ORACION_1/UNO_1.mp4,CONTAR_ORACION_1.mp4
913,CONTAR,contar,0,CONTAR_ORACION_1/CONTAR_4.mp4,CONTAR_ORACION_1.mp4
914,GUARDAR,guardar,0,COMPRAR_ORACION_2/GUARDAR_6.mp4,COMPRAR_ORACION_2.mp4
915,PAN,pan,0,COMPRAR_ORACION_2/PAN_4.mp4,COMPRAR_ORACION_2.mp4
916,YO,yo,0,COMPRAR_ORACION_2/YO_1.mp4,COMPRAR_ORACION_2.mp4
917,HUEVO,huevo,0,COMPRAR_ORACION_2/HUEVO_5.mp4,COMPRAR_ORACION_2.mp4
918,LLEVAR,llevar,0,COMPRAR_ORACION_2/LLEVAR_7.mp4,COMPRAR_ORACION_2.mp4
919,COMPRAR,comprar,0,COMPRAR_ORACION_2/COMPRAR_2.mp4,COMPRAR_ORACION_2.mp4
920,PAN,pan,0,COMPRAR_ORACION_2/PAN_3.mp4,COMPRAR_ORACION_2.mp4
921,CORTINA-ROLLER,cortina,0,CORTINA_ORACION_3/CORTINA-ROLLER_2.mp4,CORTINA_ORACION_3.mp4
922,SOL,sol,0,CORTINA_ORACION_3/SOL_1_1.mp4,CORTINA_ORACION_3.mp4
923,CAMINAR-PERSONA,caminar,0,HOLA_ORACION_1/CAMINAR-PERSONA_3.mp4,HOLA_ORACION_1.mp4
924,YO,yo,0,HOLA_ORACION_1/YO_1.mp4,HOLA_ORACION_1.mp4
925,CAMINAR-PERSONA,caminar,0,HOLA_ORACION_1/CAMINAR-PERSONA_2.mp4,HOLA_ORACION_1.mp4
926,HOLA,hola,0,HOLA_ORACION_1/HOLA_4.mp4,HOLA_ORACION_1.mp4
927,HOLA,hola,0,HOLA_ORACION_1/HOLA_5.mp4,HOLA_ORACION_1.mp4
928,DIECIOCHO,dieciocho,0,DIECIOCHO_ORACION_1/DIECIOCHO_3.mp4,DIECIOCHO_ORACION_1.mp4
929,CHANCHO,chancho,0,DIECIOCHO_ORACION_1/CHANCHO_2.mp4,DIECIOCHO_ORACION_1.mp4
930,CUANTO,cuanto,0,DIECIOCHO_ORACION_1/CUANTO_1.mp4,DIECIOCHO_ORACION_1.mp4
931,SICK,sick,0,ESTAR-BIEN_ORACION_1/SICK_3.mp4,ESTAR-BIEN_ORACION_1.mp4
932,TU,tú,0,ESTAR-BIEN_ORACION_1/TU_1.mp4,ESTAR-BIEN_ORACION_1.mp4
933,QUE,que,0,ESTAR-BIEN_ORACION_1/QUE_4.mp4,ESTAR-BIEN_ORACION_1.mp4
934,YO,yo,0,ESTAR-BIEN_ORACION_1/YO_5.mp4,ESTAR-BIEN_ORACION_1.mp4
935,ESTAR-BIEN,estar,0,ESTAR-BIEN_ORACION_1/ESTAR-BIEN_6.mp4,ESTAR-BIEN_ORACION_1.mp4
936,YO,yo,0,PREGUNTAR_ORACION_1/YO_3.mp4,PREGUNTAR_ORACION_1.mp4
937,PREGUNTAR,preguntar,0,PREGUNTAR_ORACION_1/PREGUNTAR_4.mp4,PREGUNTAR_ORACION_1.mp4
938,CONTAR,contar,0,PREGUNTAR_ORACION_1/CONTAR_2.mp4,PREGUNTAR_ORACION_1.mp4
939,DOCTOR,doctor,0,PREGUNTAR_ORACION_1/DOCTOR_1.mp4,PREGUNTAR_ORACION_1.mp4
940,DAR,dar,0,CONTAR-DINERO_ORACION_2/DAR_2.mp4,CONTAR-DINERO_ORACION_2.mp4
941,ROLLO-DE-MONEDAS,rollo,0,CONTAR-DINERO_ORACION_2/ROLLO-DE-MONEDAS_4.mp4,CONTAR-DINERO_ORACION_2.mp4
942,CUANTO,cuanto,0,CONTAR-DINERO_ORACION_2/CUANTO_5.mp4,CONTAR-DINERO_ORACION_2.mp4
943,DINERO,dinero,0,CONTAR-DINERO_ORACION_2/DINERO_1.mp4,CONTAR-DINERO_ORACION_2.mp4
944,ROLLO-DE-MONEDAS,rollo,0,CONTAR-DINERO_ORACION_2/ROLLO-DE-MONEDAS_6.mp4,CONTAR-DINERO_ORACION_2.mp4
945,VER,ver,0,CONTAR-DINERO_ORACION_2/VER_3.mp4,CONTAR-DINERO_ORACION_2.mp4
946,VER,ver,0,CAPTAR_ORACION_2/VER_2.mp4,CAPTAR_ORACION_2.mp4
947,YO,yo,0,CAPTAR_ORACION_2/YO_1.mp4,CAPTAR_ORACION_2.mp4
948,CAPTAR,captar,0,CAPTAR_ORACION_2/CAPTAR_3.mp4,CAPTAR_ORACION_2.mp4
949,VER,ver,0,MALO_ORACION_2/VER_8.mp4,MALO_ORACION_2.mp4
950,NO,no,0,MALO_ORACION_2/NO_4.mp4,MALO_ORACION_2.mp4
951,AMIGO,amigo,0,MALO_ORACION_2/AMIGO_1.mp4,MALO_ORACION_2.mp4
952,QUE,que,0,MALO_ORACION_2/QUE_3.mp4,MALO_ORACION_2.mp4
953,DECIR,decir,0,MALO_ORACION_2/DECIR_7.mp4,MALO_ORACION_2.mp4
954,CONTAR,contar,0,MALO_ORACION_2/CONTAR_2.mp4,MALO_ORACION_2.mp4
955,AGRUPAR,agrupar,0,MALO_ORACION_2/AGRUPAR_6.mp4,MALO_ORACION_2.mp4
956,PERSONA,persona,0,MALO_ORACION_2/PERSONA_10.mp4,MALO_ORACION_2.mp4
957,MALO,malo,0,MALO_ORACION_2/MALO_9.mp4,MALO_ORACION_2.mp4
958,ALEJAR-DE-LA-PERSONA,alejar,0,MALO_ORACION_2/ALEJAR-DE-LA-PERSONA_5.mp4,MALO_ORACION_2.mp4
959,YO,yo,0,FELIZ_ORACION_3/YO_1.mp4,FELIZ_ORACION_3.mp4
960,FELIZ,feliz,0,FELIZ_ORACION_3/FELIZ_2.mp4,FELIZ_ORACION_3.mp4
961,SIEMPRE,siempre,0,FELIZ_ORACION_3/SIEMPRE_3.mp4,FELIZ_ORACION_3.mp4
962,BONITO,bonito,0,CUERPO_ORACION_2/BONITO_1.mp4,CUERPO_ORACION_2.mp4
963,CUERPO,cuerpo,0,CUERPO_ORACION_2/CUERPO_2.mp4,CUERPO_ORACION_2.mp4
964,YO,yo,0,DONDE_ORACION_3/YO_1.mp4,DONDE_ORACION_3.mp4
965,DONDE,donde,0,DONDE_ORACION_3/DONDE_3.mp4,DONDE_ORACION_3.mp4
966,DONDE,donde,0,DONDE_ORACION_3/DONDE_5.mp4,DONDE_ORACION_3.mp4
967,IR,ir,0,DONDE_ORACION_3/IR_4.mp4,DONDE_ORACION_3.mp4
968,CASA,casa,0,DONDE_ORACION_3/CASA_2.mp4,DONDE_ORACION_3.mp4
969,VIA-DOBLE-SENTIDO,via,0,CARRO_BOMBERO_ORACION_1/VIA-DOBLE-SENTIDO_4.mp4,CARRO_BOMBERO_ORACION_1.mp4
970,CONDUCIR,conducir,0,CARRO_BOMBERO_ORACION_1/CONDUCIR_1.mp4,CARRO_BOMBERO_ORACION_1.mp4
971,BOMBERO,bombero,0,CARRO_BOMBERO_ORACION_1/BOMBERO_2.mp4,CARRO_BOMBERO_ORACION_1.mp4
972,MANGUERA,manguera,0,CARRO_BOMBERO_ORACION_1/MANGUERA_3.mp4,CARRO_BOMBERO_ORACION_1.mp4
973,MATRIMONIO,matrimonio,0,MATRIMONIO_ORACION_2/MATRIMONIO_2.mp4,MATRIMONIO_ORACION_2.mp4
974,INVITAR,invitar,0,MATRIMONIO_ORACION_2/INVITAR_1.mp4,MATRIMONIO_ORACION_2.mp4
975,YO,yo,0,CAER_ORACION_4/YO_3.mp4,CAER_ORACION_4.mp4
976,SUDAR-MUCHO,sudar,0,CAER_ORACION_4/SUDAR-MUCHO_6.mp4,CAER_ORACION_4.mp4
977,MUCHO,mucho,0,CAER_ORACION_4/MUCHO_5.mp4,CAER_ORACION_4.mp4
978,AMIGO,amigo,0,CAER_ORACION_4/AMIGO_2.mp4,CAER_ORACION_4.mp4
979,VER,ver,0,CAER_ORACION_4/VER_4.mp4,CAER_ORACION_4.mp4
980,MI,mi,0,CAER_ORACION_4/MI_1.mp4,CAER_ORACION_4.mp4
981,DINERO,dinero,0,CONTAR-DINERO_ORACION_1/DINERO_3.mp4,CONTAR-DINERO_ORACION_1.mp4
982,CONTAR-BILLETES,contar,0,CONTAR-DINERO_ORACION_1/CONTAR-BILLETES_10.mp4,CONTAR-DINERO_ORACION_1.mp4
983,DINERO,dinero,0,CONTAR-DINERO_ORACION_1/DINERO_8.mp4,CONTAR-DINERO_ORACION_1.mp4
984,YO,yo,0,CONTAR-DINERO_ORACION_1/YO_2.mp4,CONTAR-DINERO_ORACION_1.mp4
985,YO,yo,0,CONTAR-DINERO_ORACION_1/YO_7.mp4,CONTAR-DINERO_ORACION_1.mp4
986,CONTAR-BILLETES,contar,0,CONTAR-DINERO_ORACION_1/CONTAR-BILLETES_9.mp4,CONTAR-DINERO_ORACION_1.mp4
987,DINERO,dinero,0,CONTAR-DINERO_ORACION_1/DINERO_5.mp4,CONTAR-DINERO_ORACION_1.mp4
988,PAGAR,pagar,0,CONTAR-DINERO_ORACION_1/PAGAR_6.mp4,CONTAR-DINERO_ORACION_1.mp4
989,CUANTOS,cuanto,0,CONTAR-DINERO_ORACION_1/CUANTOS_4.mp4,CONTAR-DINERO_ORACION_1.mp4
990,OYE,oye,0,CONTAR-DINERO_ORACION_1/OYE_1.mp4,CONTAR-DINERO_ORACION_1.mp4
991,DAME,dame,0,CONTAR-DINERO_ORACION_1/DAME_11.mp4,CONTAR-DINERO_ORACION_1.mp4
992,VER,ver,0,VER_ORACION_1/VER_8.mp4,VER_ORACION_1.mp4
993,HOY,hoy,0,VER_ORACION_1/HOY_1.mp4,VER_ORACION_1.mp4
994,CAMINAR-PERSONA,caminar,0,VER_ORACION_1/CAMINAR-PERSONA_4.mp4,VER_ORACION_1.mp4
995,YO,yo,0,VER_ORACION_1/YO_2.mp4,VER_ORACION_1.mp4
996,HOMBRE,hombre,0,VER_ORACION_1/HOMBRE_6.mp4,VER_ORACION_1.mp4
997,YO,yo,0,VER_ORACION_1/YO_7.mp4,VER_ORACION_1.mp4
998,AHI,ahi,0,VER_ORACION_1/AHI_9.mp4,VER_ORACION_1.mp4
999,UNO,uno,0,VER_ORACION_1/UNO_5.mp4,VER_ORACION_1.mp4
1000,VER,ver,0,VER_ORACION_1/VER_3.mp4,VER_ORACION_1.mp4
1001,ACERCARSE,acercar él,0,ACERCARSE_ORACION_2/ACERCARSE_3.mp4,ACERCARSE_ORACION_2.mp4
1002,YO,yo,0,ACERCARSE_ORACION_2/YO_1.mp4,ACERCARSE_ORACION_2.mp4
1003,QUERER,querer,0,ACERCARSE_ORACION_2/QUERER_2.mp4,ACERCARSE_ORACION_2.mp4
1004,JEFE,jefe,0,ACERCARSE_ORACION_2/JEFE_4.mp4,ACERCARSE_ORACION_2.mp4
1005,JUGAR,jugar,0,JUGAR_ORACION_2/JUGAR_4.mp4,JUGAR_ORACION_2.mp4
1006,FUTBOL,futbol,0,JUGAR_ORACION_2/FUTBOL_3.mp4,JUGAR_ORACION_2.mp4
1007,POR-FAVOR,por,0,JUGAR_ORACION_2/POR-FAVOR_1.mp4,JUGAR_ORACION_2.mp4
1008,VAMOS,vamos,0,JUGAR_ORACION_2/VAMOS_2.mp4,JUGAR_ORACION_2.mp4
1009,DIFICIL,dificil,0,DIFICIL_ORACION_3/DIFICIL_1.mp4,DIFICIL_ORACION_3.mp4
1010,GRABAR,grabar,0,DIFICIL_ORACION_3/GRABAR_1_2.mp4,DIFICIL_ORACION_3.mp4
1011,VAMOS,vamos,0,JUGAR_ORACION_1/VAMOS_1.mp4,JUGAR_ORACION_1.mp4
1012,JUGAR,jugar,0,JUGAR_ORACION_1/JUGAR_2.mp4,JUGAR_ORACION_1.mp4
1013,GORRO,gorro,0,GORRO_ORACION_3/GORRO_5.mp4,GORRO_ORACION_3.mp4
1014,YO,yo,0,GORRO_ORACION_3/YO_1.mp4,GORRO_ORACION_3.mp4
1015,CAMINAR-PERSONA,caminar,0,GORRO_ORACION_3/CAMINAR-PERSONA_2.mp4,GORRO_ORACION_3.mp4
1016,COMPRAR,comprar,0,GORRO_ORACION_3/COMPRAR_3.mp4,GORRO_ORACION_3.mp4
1017,BIEN,bien,0,GORRO_ORACION_3/BIEN_3_6.mp4,GORRO_ORACION_3.mp4
1018,VER,ver,0,GORRO_ORACION_3/VER_4.mp4,GORRO_ORACION_3.mp4
1019,VER,ver,0,CORNUDO_ORACION_2/VER_1.mp4,CORNUDO_ORACION_2.mp4
1020,UY,uy,0,CORNUDO_ORACION_2/UY_2.mp4,CORNUDO_ORACION_2.mp4
1021,CORNUDO,cornudo,0,CORNUDO_ORACION_2/CORNUDO_3.mp4,CORNUDO_ORACION_2.mp4
1022,DINERO,dinero,0,DINERO_ORACION_1/DINERO_2.mp4,DINERO_ORACION_1.mp4
1023,ROBAR,robar,0,DINERO_ORACION_1/ROBAR_1.mp4,DINERO_ORACION_1.mp4
1024,FLACO,flaco,0,FLACO_ORACION_3/FLACO_4.mp4,FLACO_ORACION_3.mp4
1025,PASADO,pasado,0,FLACO_ORACION_3/PASADO_1.mp4,FLACO_ORACION_3.mp4
1026,GORDO,gordo,0,FLACO_ORACION_3/GORDO_2.mp4,FLACO_ORACION_3.mp4
1027,HOY,hoy,0,FLACO_ORACION_3/HOY_3.mp4,FLACO_ORACION_3.mp4
1028,TRABAJAR,trabajar,0,PILA_ORACION_1/TRABAJAR_4.mp4,PILA_ORACION_1.mp4
1029,QUE,que,0,PILA_ORACION_1/QUE_3.mp4,PILA_ORACION_1.mp4
1030,YO,yo,0,PILA_ORACION_1/YO_1.mp4,PILA_ORACION_1.mp4
1031,PILA,pila,0,PILA_ORACION_1/PILA_2.mp4,PILA_ORACION_1.mp4
1032,YO,yo,0,FIN_ORACION_2/YO_1.mp4,FIN_ORACION_2.mp4
1033,EXAMEN,examen,0,FIN_ORACION_2/EXAMEN_3.mp4,FIN_ORACION_2.mp4
1034,ESCRIBIR,escribir,0,FIN_ORACION_2/ESCRIBIR_2.mp4,FIN_ORACION_2.mp4
1035,FIN,fin,0,FIN_ORACION_2/FIN_4.mp4,FIN_ORACION_2.mp4
1036,WOW,wow,0,GORDO_ORACION_1/WOW_1.mp4,GORDO_ORACION_1.mp4
1037,GORDO,gordo,0,GORDO_ORACION_1/GORDO_2.mp4,GORDO_ORACION_1.mp4
1038,UY,uy,0,SUBIR-PERSONA_ORACION_1/UY_3.mp4,SUBIR-PERSONA_ORACION_1.mp4
1039,SUBIR-PERSONA,subir,0,SUBIR-PERSONA_ORACION_1/SUBIR-PERSONA_4.mp4,SUBIR-PERSONA_ORACION_1.mp4
1040,YO,yo,0,SUBIR-PERSONA_ORACION_1/YO_1.mp4,SUBIR-PERSONA_ORACION_1.mp4
1041,LEER,leer,0,SUBIR-PERSONA_ORACION_1/LEER_2.mp4,SUBIR-PERSONA_ORACION_1.mp4
1042,MARIHUANA,marihuana,0,FREGRADO_ORACION_2/MARIHUANA_2.mp4,FREGRADO_ORACION_2.mp4
1043,VENDER,vender,0,FREGRADO_ORACION_2/VENDER_3.mp4,FREGRADO_ORACION_2.mp4
1044,YO,yo,0,FREGRADO_ORACION_2/YO_1.mp4,FREGRADO_ORACION_2.mp4
1045,FREGRADO,fregrado,0,FREGRADO_ORACION_2/FREGRADO_7.mp4,FREGRADO_ORACION_2.mp4
1046,ENCONTRAR,encontrar,0,FREGRADO_ORACION_2/ENCONTRAR_5.mp4,FREGRADO_ORACION_2.mp4
1047,YO,yo,0,FREGRADO_ORACION_2/YO_6.mp4,FREGRADO_ORACION_2.mp4
1048,POLICIA,policia,0,FREGRADO_ORACION_2/POLICIA_4.mp4,FREGRADO_ORACION_2.mp4
1049,AVISAR,avisar,0,ANTES_ORACION_1/AVISAR_5.mp4,ANTES_ORACION_1.mp4
1050,COMER,comer,0,ANTES_ORACION_1/COMER_2.mp4,ANTES_ORACION_1.mp4
1051,YO,yo,0,ANTES_ORACION_1/YO_1.mp4,ANTES_ORACION_1.mp4
1052,ANTES,antes,0,ANTES_ORACION_1/ANTES_7.mp4,ANTES_ORACION_1.mp4
1053,NADA,nada,0,ANTES_ORACION_1/NADA_6.mp4,ANTES_ORACION_1.mp4
1054,COMER,comer,0,ANTES_ORACION_1/COMER_4.mp4,ANTES_ORACION_1.mp4
1055,FALTA,falta,0,ANTES_ORACION_1/FALTA_3.mp4,ANTES_ORACION_1.mp4
1056,IGUAL,igual,0,IGUAL_ORACION_1/IGUAL_6.mp4,IGUAL_ORACION_1.mp4
1057,AHORA,ahora,0,IGUAL_ORACION_1/AHORA_9.mp4,IGUAL_ORACION_1.mp4
1058,YO,yo,0,IGUAL_ORACION_1/YO_1.mp4,IGUAL_ORACION_1.mp4
1059,IGUAL,igual,0,IGUAL_ORACION_1/IGUAL_10.mp4,IGUAL_ORACION_1.mp4
1060,COMER,comer,0,IGUAL_ORACION_1/COMER_3.mp4,IGUAL_ORACION_1.mp4
1061,NO,no,0,IGUAL_ORACION_1/NO_5.mp4,IGUAL_ORACION_1.mp4
1062,COMER,comer,0,IGUAL_ORACION_1/COMER_8.mp4,IGUAL_ORACION_1.mp4
1063,INTENTAR,intentar,0,IGUAL_ORACION_1/INTENTAR_2.mp4,IGUAL_ORACION_1.mp4
1064,GRANDE,grande,0,IGUAL_ORACION_1/GRANDE_7.mp4,IGUAL_ORACION_1.mp4
1065,GRANDE,grande,0,IGUAL_ORACION_1/GRANDE_4.mp4,IGUAL_ORACION_1.mp4
1066,VIAJAR,viajar,0,FUTURO_ORACION_3/VIAJAR_3.mp4,FUTURO_ORACION_3.mp4
1067,YO,yo,0,FUTURO_ORACION_3/YO_1.mp4,FUTURO_ORACION_3.mp4
1068,FUTURO,futuro,0,FUTURO_ORACION_3/FUTURO_2.mp4,FUTURO_ORACION_3.mp4
1069,EMPEZAR,empezar,0,EMPEZAR_ORACION_2/EMPEZAR_1.mp4,EMPEZAR_ORACION_2.mp4
1070,CALOR,calor,0,EMPEZAR_ORACION_2/CALOR_2.mp4,EMPEZAR_ORACION_2.mp4
1071,ELLOS,ellos,0,AMANECER_ORACION_1/ELLOS_1.mp4,AMANECER_ORACION_1.mp4
1072,SEÑAR,señar ,0,AMANECER_ORACION_1/SEÑAR_2.mp4,AMANECER_ORACION_1.mp4
1073,AMANECER,amanecer,0,AMANECER_ORACION_1/AMANECER_5.mp4,AMANECER_ORACION_1.mp4
1074,SEÑAR,señar ,0,AMANECER_ORACION_1/SEÑAR_4.mp4,AMANECER_ORACION_1.mp4
1075,VER,ver,0,AMANECER_ORACION_1/VER_3.mp4,AMANECER_ORACION_1.mp4
1076,DECIR,decir,0,LO-SIENTO_ORACION_1/DECIR_2.mp4,LO-SIENTO_ORACION_1.mp4
1077,DECIR,decir,0,LO-SIENTO_ORACION_1/DECIR_1.mp4,LO-SIENTO_ORACION_1.mp4
1078,LO-SIENTO,él,0,LO-SIENTO_ORACION_1/LO-SIENTO_3.mp4,LO-SIENTO_ORACION_1.mp4
1079,MAMA,mama,0,GORDO_ORACION_2/MAMA_1_1.mp4,GORDO_ORACION_2.mp4
1080,GORDO,gordo,0,GORDO_ORACION_2/GORDO_2.mp4,GORDO_ORACION_2.mp4
1081,PENSAR,pensar,0,IGUAL_ORACION_8/PENSAR_3.mp4,IGUAL_ORACION_8.mp4
1082,DIFERENTE,diferente,0,IGUAL_ORACION_8/DIFERENTE_4.mp4,IGUAL_ORACION_8.mp4
1083,DESIGUALDAD,desigualdad,0,IGUAL_ORACION_8/DESIGUALDAD_6.mp4,IGUAL_ORACION_8.mp4
1084,IGUAL,igual,0,IGUAL_ORACION_8/IGUAL_7.mp4,IGUAL_ORACION_8.mp4
1085,IGUAL,igual,0,IGUAL_ORACION_8/IGUAL_5.mp4,IGUAL_ORACION_8.mp4
1086,COMUNICAR,comunicar,0,IGUAL_ORACION_8/COMUNICAR_2.mp4,IGUAL_ORACION_8.mp4
1087,PERSONA,persona,0,IGUAL_ORACION_8/PERSONA_1.mp4,IGUAL_ORACION_8.mp4
1088,PAPA,papa,0,TELEFONO_ORACION_1/PAPA_2.mp4,TELEFONO_ORACION_1.mp4
1089,MI,mi,0,TELEFONO_ORACION_1/MI_1.mp4,TELEFONO_ORACION_1.mp4
1090,TELEFONO,telefono,0,TELEFONO_ORACION_1/TELEFONO_3.mp4,TELEFONO_ORACION_1.mp4
1091,FLACO,flaco,0,FLACO_ORACION_4/FLACO_1.mp4,FLACO_ORACION_4.mp4
1092,¿QUÉ-PASA?,¿,0,FLACO_ORACION_4/¿QUÉ-PASA?_2.mp4,FLACO_ORACION_4.mp4
1093,DIECISIETE,diecisiete,0,DIECISIETE_ORACION_4/DIECISIETE_2.mp4,DIECISIETE_ORACION_4.mp4
1094,PATO,pato,0,DIECISIETE_ORACION_4/PATO_1.mp4,DIECISIETE_ORACION_4.mp4
1095,RICO,rico,0,DINERO_ORACION_2/RICO_2.mp4,DINERO_ORACION_2.mp4
1096,DINERO---PLATA,dinero,0,DINERO_ORACION_2/DINERO---PLATA_3.mp4,DINERO_ORACION_2.mp4
1097,XI,xi,0,DINERO_ORACION_2/XI_1.mp4,DINERO_ORACION_2.mp4
1098,VER,ver,0,ATARDECER_ORACION_2/VER_7.mp4,ATARDECER_ORACION_2.mp4
1099,QUERER,querer,0,ATARDECER_ORACION_2/QUERER_3.mp4,ATARDECER_ORACION_2.mp4
1100,VER,ver,0,ATARDECER_ORACION_2/VER_2.mp4,ATARDECER_ORACION_2.mp4
1101,YO,yo,0,ATARDECER_ORACION_2/YO_1.mp4,ATARDECER_ORACION_2.mp4
1102,VIAJE,viaje,0,ATARDECER_ORACION_2/VIAJE_5.mp4,ATARDECER_ORACION_2.mp4
1103,CARRO,carro,0,ATARDECER_ORACION_2/CARRO_6.mp4,ATARDECER_ORACION_2.mp4
1104,ATARDECER,atardecer,0,ATARDECER_ORACION_2/ATARDECER_8.mp4,ATARDECER_ORACION_2.mp4
1105,IR,ir,0,ATARDECER_ORACION_2/IR_4.mp4,ATARDECER_ORACION_2.mp4
1106,PERSONAS-JUNTAS,persona,0,BASTANTE_ORACION_1/PERSONAS-JUNTAS_3.mp4,BASTANTE_ORACION_1.mp4
1107,VER,ver,0,BASTANTE_ORACION_1/VER_2.mp4,BASTANTE_ORACION_1.mp4
1108,YO,yo,0,BASTANTE_ORACION_1/YO_1.mp4,BASTANTE_ORACION_1.mp4
1109,UY,uy,0,BASTANTE_ORACION_1/UY_5.mp4,BASTANTE_ORACION_1.mp4
1110,BASTANTE,bastante,0,BASTANTE_ORACION_1/BASTANTE_4.mp4,BASTANTE_ORACION_1.mp4
1111,CARRO,carro,0,FIN_ORACION_3/CARRO_2.mp4,FIN_ORACION_3.mp4
1112,LIMPIAR,limpiar,0,FIN_ORACION_3/LIMPIAR_3.mp4,FIN_ORACION_3.mp4
1113,FIN,fin,0,FIN_ORACION_3/FIN_4.mp4,FIN_ORACION_3.mp4
1114,MI,mi,0,FIN_ORACION_3/MI_1.mp4,FIN_ORACION_3.mp4
1115,YO,yo,0,ATARDECER_ORACION_3/YO_1.mp4,ATARDECER_ORACION_3.mp4
1116,CAMINAR-PERSONA,caminar,0,ATARDECER_ORACION_3/CAMINAR-PERSONA_2.mp4,ATARDECER_ORACION_3.mp4
1117,CAMINAR-PERSONA,caminar,0,ATARDECER_ORACION_3/CAMINAR-PERSONA_4.mp4,ATARDECER_ORACION_3.mp4
1118,ATARDECER,atardecer,0,ATARDECER_ORACION_3/ATARDECER_3.mp4,ATARDECER_ORACION_3.mp4
1119,ANOCHECER,anochecer,0,ATARDECER_ORACION_3/ANOCHECER_5.mp4,ATARDECER_ORACION_3.mp4
1120,ENTRAR,entrar,0,CAPTAR_ORACION_4/ENTRAR_8.mp4,CAPTAR_ORACION_4.mp4
1121,HOMBRE,hombre,0,CAPTAR_ORACION_4/HOMBRE_5.mp4,CAPTAR_ORACION_4.mp4
1122,DOS,dos,0,CAPTAR_ORACION_4/DOS_4.mp4,CAPTAR_ORACION_4.mp4
1123,VER,ver,0,CAPTAR_ORACION_4/VER_2.mp4,CAPTAR_ORACION_4.mp4
1124,YO,yo,0,CAPTAR_ORACION_4/YO_1.mp4,CAPTAR_ORACION_4.mp4
1125,AHI,ahi,0,CAPTAR_ORACION_4/AHI_7.mp4,CAPTAR_ORACION_4.mp4
1126,CAPTAR,captar,0,CAPTAR_ORACION_4/CAPTAR_3.mp4,CAPTAR_ORACION_4.mp4
1127,CAMINAR-PERSONA,caminar,0,CAPTAR_ORACION_4/CAMINAR-PERSONA_6.mp4,CAPTAR_ORACION_4.mp4
1128,OFICINA,oficina,0,CAPTAR_ORACION_4/OFICINA_9.mp4,CAPTAR_ORACION_4.mp4
1129,CUANTO,cuanto,0,CONTAR-NUMEROS_ORACION_1/CUANTO_3.mp4,CONTAR-NUMEROS_ORACION_1.mp4
1130,CAJA,caja,0,CONTAR-NUMEROS_ORACION_1/CAJA_2.mp4,CONTAR-NUMEROS_ORACION_1.mp4
1131,IX,ix,0,CONTAR-NUMEROS_ORACION_1/IX_1.mp4,CONTAR-NUMEROS_ORACION_1.mp4
1132,VER,ver,0,HOMBRE_ORACION_2/VER_1.mp4,HOMBRE_ORACION_2.mp4
1133,CAMINAR-PERSONA,caminar,0,HOMBRE_ORACION_2/CAMINAR-PERSONA_2.mp4,HOMBRE_ORACION_2.mp4
1134,CARGAR-CAJA,cargar,0,HOMBRE_ORACION_2/CARGAR-CAJA_5.mp4,HOMBRE_ORACION_2.mp4
1135,GUARDAR,guardar,0,HOMBRE_ORACION_2/GUARDAR_4.mp4,HOMBRE_ORACION_2.mp4
1136,HOMBRE,hombre,0,HOMBRE_ORACION_2/HOMBRE_3.mp4,HOMBRE_ORACION_2.mp4
1137,ANTES,antes,0,AMIGO_ORACION_1/ANTES_2.mp4,AMIGO_ORACION_1.mp4
1138,AMIGO,amigo,0,AMIGO_ORACION_1/AMIGO_6.mp4,AMIGO_ORACION_1.mp4
1139,BIEN,bien,0,AMIGO_ORACION_1/BIEN_5.mp4,AMIGO_ORACION_1.mp4
1140,YO,yo,0,AMIGO_ORACION_1/YO_1.mp4,AMIGO_ORACION_1.mp4
1141,AÑO,año,0,AMIGO_ORACION_1/AÑO_4.mp4,AMIGO_ORACION_1.mp4
1142,AMIGO,amigo,0,AMIGO_ORACION_1/AMIGO_3.mp4,AMIGO_ORACION_1.mp4
1143,BOTE,bote,0,LANCHA_ORACION_1/BOTE_4.mp4,LANCHA_ORACION_1.mp4
1144,BOTE,bote,0,LANCHA_ORACION_1/BOTE_1.mp4,LANCHA_ORACION_1.mp4
1145,ENCENDER-MOTOR,encender,0,LANCHA_ORACION_1/ENCENDER-MOTOR_2.mp4,LANCHA_ORACION_1.mp4
1146,MOTOR,motor,0,LANCHA_ORACION_1/MOTOR_3.mp4,LANCHA_ORACION_1.mp4
1147,CRUZAR-BOTE,cruzar,0,LANCHA_ORACION_1/CRUZAR-BOTE_5.mp4,LANCHA_ORACION_1.mp4
1148,VER,ver,0,BOTE_ORACION_2/VER_2.mp4,BOTE_ORACION_2.mp4
1149,YO,yo,0,BOTE_ORACION_2/YO_1.mp4,BOTE_ORACION_2.mp4
1150,BOTE,bote,0,BOTE_ORACION_2/BOTE_4.mp4,BOTE_ORACION_2.mp4
1151,GRANDE,grande,0,BOTE_ORACION_2/GRANDE_3.mp4,BOTE_ORACION_2.mp4
1152,DOBLAR,doblar,0,CERRAR-CAJON_ORACION_1/DOBLAR_2.mp4,CERRAR-CAJON_ORACION_1.mp4
1153,CERRAR-CAJÓN,cerrar,0,CERRAR-CAJON_ORACION_1/CERRAR-CAJÓN_5.mp4,CERRAR-CAJON_ORACION_1.mp4
1154,GUARDAR,guardar,0,CERRAR-CAJON_ORACION_1/GUARDAR_3.mp4,CERRAR-CAJON_ORACION_1.mp4
1155,TERMINAR,terminar,0,CERRAR-CAJON_ORACION_1/TERMINAR_4.mp4,CERRAR-CAJON_ORACION_1.mp4
1156,ROPA,ropa,0,CERRAR-CAJON_ORACION_1/ROPA_1.mp4,CERRAR-CAJON_ORACION_1.mp4
1157,YO,yo,0,ABURRIDO_ORACION_4/YO_3.mp4,ABURRIDO_ORACION_4.mp4
1158,VEN,ven,0,ABURRIDO_ORACION_4/VEN_1.mp4,ABURRIDO_ORACION_4.mp4
1159,AYUDAR,ayudar,0,ABURRIDO_ORACION_4/AYUDAR_2.mp4,ABURRIDO_ORACION_4.mp4
1160,ABURRIDO,aburrido,0,ABURRIDO_ORACION_4/ABURRIDO_4.mp4,ABURRIDO_ORACION_4.mp4
1161,DIECISEIS,dieciseis,0,DIECISEIS_ORACION_3/DIECISEIS_3.mp4,DIECISEIS_ORACION_3.mp4
1162,INCREIBLE,increible,0,DIECISEIS_ORACION_3/INCREIBLE_4.mp4,DIECISEIS_ORACION_3.mp4
1163,CUANTO,cuanto,0,DIECISEIS_ORACION_3/CUANTO_2.mp4,DIECISEIS_ORACION_3.mp4
1164,GATO,gato,0,DIECISEIS_ORACION_3/GATO_1.mp4,DIECISEIS_ORACION_3.mp4
1165,YO,yo,0,HACER_ORACION_1/YO_1.mp4,HACER_ORACION_1.mp4
1166,ENTRENAR,entrenar,0,HACER_ORACION_1/ENTRENAR_3.mp4,HACER_ORACION_1.mp4
1167,HACER,hacer,0,HACER_ORACION_1/HACER_2.mp4,HACER_ORACION_1.mp4
1168,LUGAR,lugar,0,HACER_ORACION_1/LUGAR_4.mp4,HACER_ORACION_1.mp4
1169,DEPORTE,deporte,0,HACER_ORACION_1/DEPORTE_5.mp4,HACER_ORACION_1.mp4
1170,MAMÁ,mamá,0,FLACO_ORACION_2/MAMÁ_2.mp4,FLACO_ORACION_2.mp4
1171,FLACO,flaco,0,FLACO_ORACION_2/FLACO_3.mp4,FLACO_ORACION_2.mp4
1172,MI,mi,0,FLACO_ORACION_2/MI_1.mp4,FLACO_ORACION_2.mp4
1173,INTERACTUAR,interactuar,0,AMANECER_ORACION_2/INTERACTUAR_3.mp4,AMANECER_ORACION_2.mp4
1174,PERSONAS,persona,0,AMANECER_ORACION_2/PERSONAS_1.mp4,AMANECER_ORACION_2.mp4
1175,MUCHO,mucho,0,AMANECER_ORACION_2/MUCHO_2.mp4,AMANECER_ORACION_2.mp4
1176,AMANECER,amanecer,0,AMANECER_ORACION_2/AMANECER_4.mp4,AMANECER_ORACION_2.mp4
1177,DESPUES,despu,0,DESPUES_ORACION_2/DESPUES_1.mp4,DESPUES_ORACION_2.mp4
1178,COMPRAR,comprar,0,DESPUES_ORACION_2/COMPRAR_2.mp4,DESPUES_ORACION_2.mp4
1179,POLLO,pollo,0,DIECISIETE_ORACION_3/POLLO_1.mp4,DIECISIETE_ORACION_3.mp4
1180,DIECISIETE,diecisiete,0,DIECISIETE_ORACION_3/DIECISIETE_3.mp4,DIECISIETE_ORACION_3.mp4
1181,CUANTO,cuanto,0,DIECISIETE_ORACION_3/CUANTO_2.mp4,DIECISIETE_ORACION_3.mp4
1182,ESPERAR,esperar,0,DOS_ORACION_1/ESPERAR_1.mp4,DOS_ORACION_1.mp4
1183,BUSCAR-RECIPENTE,buscar,0,DOS_ORACION_1/BUSCAR-RECIPENTE_3.mp4,DOS_ORACION_1.mp4
1184,QUITAR,quitar,0,DOS_ORACION_1/QUITAR_2.mp4,DOS_ORACION_1.mp4
1185,DOS,dos,0,DOS_ORACION_1/DOS_5.mp4,DOS_ORACION_1.mp4
1186,LLEVAR-RECIPENTE,llevar,0,DOS_ORACION_1/LLEVAR-RECIPENTE_4.mp4,DOS_ORACION_1.mp4
1187,DOS,dos,0,DOS_ORACION_1/DOS_6.mp4,DOS_ORACION_1.mp4
1188,IX,ix,0,DOS_ORACION_1/IX_1_7.mp4,DOS_ORACION_1.mp4
1189,DIECIOCHO,dieciocho,0,DIECIOCHO_ORACION_2/DIECIOCHO_3.mp4,DIECIOCHO_ORACION_2.mp4
1190,GALLINA,gallina,0,DIECIOCHO_ORACION_2/GALLINA_2.mp4,DIECIOCHO_ORACION_2.mp4
1191,CUANTO,cuanto,0,DIECIOCHO_ORACION_2/CUANTO_1.mp4,DIECIOCHO_ORACION_2.mp4
1192,MAÑANA,mañana,0,CORRER_ORACION_1/MAÑANA_1.mp4,CORRER_ORACION_1.mp4
1193,CORRER,correr,0,CORRER_ORACION_1/CORRER_5.mp4,CORRER_ORACION_1.mp4
1194,MAÑANA-DEL-DIA,mañana,0,CORRER_ORACION_1/MAÑANA-DEL-DIA_2.mp4,CORRER_ORACION_1.mp4
1195,VAMOS,vamos,0,CORRER_ORACION_1/VAMOS_4.mp4,CORRER_ORACION_1.mp4
1196,TEMPRANO,temprano,0,CORRER_ORACION_1/TEMPRANO_3.mp4,CORRER_ORACION_1.mp4
1197,PAN,pan,0,DIA_ORACION_1/PAN_5.mp4,DIA_ORACION_1.mp4
1198,CAMINAR-PERSONA,caminar,0,DIA_ORACION_1/CAMINAR-PERSONA_3.mp4,DIA_ORACION_1.mp4
1199,DIA,dia,0,DIA_ORACION_1/DIA_1.mp4,DIA_ORACION_1.mp4
1200,YO,yo,0,DIA_ORACION_1/YO_2.mp4,DIA_ORACION_1.mp4
1201,COMPRAR,comprar,0,DIA_ORACION_1/COMPRAR_4.mp4,DIA_ORACION_1.mp4
1202,IGUAL,igual,0,IGUAL_ORACION_7/IGUAL_5_4.mp4,IGUAL_ORACION_7.mp4
1203,DEBER,deber,0,IGUAL_ORACION_7/DEBER_3.mp4,IGUAL_ORACION_7.mp4
1204,GRUPO,grupo,0,IGUAL_ORACION_7/GRUPO_1.mp4,IGUAL_ORACION_7.mp4
1205,FALTAR,faltar,0,IGUAL_ORACION_7/FALTAR_2.mp4,IGUAL_ORACION_7.mp4
1206,AH-YA,ah,0,ENTENDER_ORACION_1/AH-YA_1.mp4,ENTENDER_ORACION_1.mp4
1207,ENTENDER,entender,0,ENTENDER_ORACION_1/ENTENDER_2.mp4,ENTENDER_ORACION_1.mp4
1208,DINERO,dinero,0,CINCUENTA_ORACION_1/DINERO_3.mp4,CINCUENTA_ORACION_1.mp4
1209,PODER,poder,0,CINCUENTA_ORACION_1/PODER_4.mp4,CINCUENTA_ORACION_1.mp4
1210,PRESTARME,prestar yo,0,CINCUENTA_ORACION_1/PRESTARME_2.mp4,CINCUENTA_ORACION_1.mp4
1211,CINCUENTA,cincuenta,0,CINCUENTA_ORACION_1/CINCUENTA_5.mp4,CINCUENTA_ORACION_1.mp4
1212,DINERO,dinero,0,CINCUENTA_ORACION_1/DINERO_1.mp4,CINCUENTA_ORACION_1.mp4
1213,AVION,avion,0,AVION_ORACION_1/AVION_2.mp4,AVION_ORACION_1.mp4
1214,CRUZAR-AVION,cruzar,0,AVION_ORACION_1/CRUZAR-AVION_3.mp4,AVION_ORACION_1.mp4
1215,AVION,avion,0,AVION_ORACION_1/AVION_1.mp4,AVION_ORACION_1.mp4
