Sign,GlossVar,Path,SentencePath,TextSentence,NEW_SENT_NAME
abrir,ABRIR,ABRIR_CORTINA_ORACION_1\ABRIR_7.mp4,ABRIR_CORTINA_ORACION_1.mp4,Abro la cortina persiana porque está oscuro y no puedo ver.eaf,ABRIR_ORACION_6.mp4
no,NO,ABRIR_CORTINA_ORACION_1\NO_5.mp4,ABRIR_CORTINA_ORACION_1.mp4,Abro la cortina persiana porque está oscuro y no puedo ver.eaf,ABRIR_ORACION_6.mp4
oscuro,OSCURO,ABRIR_CORTINA_ORACION_1\OSCURO_3.mp4,ABRIR_CORTINA_ORACION_1.mp4,Abro la cortina persiana porque está oscuro y no puedo ver.eaf,ABRIR_ORACION_6.mp4
persiana,PERSIANA,ABRIR_CORTINA_ORACION_1\PERSIANA_6.mp4,ABRIR_CORTINA_ORACION_1.mp4,Abro la cortina persiana porque está oscuro y no puedo ver.eaf,ABRIR_ORACION_6.mp4
ver,VER,ABRIR_CORTINA_ORACION_1\VER_2.mp4,ABRIR_CORTINA_ORACION_1.mp4,Abro la cortina persiana porque está oscuro y no puedo ver.eaf,ABRIR_ORACION_6.mp4
yo,YO,ABRIR_CORTINA_ORACION_1\YO_1.mp4,ABRIR_CORTINA_ORACION_1.mp4,Abro la cortina persiana porque está oscuro y no puedo ver.eaf,ABRIR_ORACION_6.mp4
abrir,ABRIR-VENTANA,ABRIR_ORACION_1\ABRIR-VENTANA_3.mp4,ABRIR_ORACION_1.mp4,Yo fui caminando a abrir la ventana para refrescarme.eaf,ABRIR_ORACION_1.mp4
caminar,CAMINAR,ABRIR_ORACION_1\CAMINAR_2.mp4,ABRIR_ORACION_1.mp4,Yo fui caminando a abrir la ventana para refrescarme.eaf,ABRIR_ORACION_1.mp4
refrescar,REFRESCAR,ABRIR_ORACION_1\REFRESCAR_4.mp4,ABRIR_ORACION_1.mp4,Yo fui caminando a abrir la ventana para refrescarme.eaf,ABRIR_ORACION_1.mp4
frente,AL-FRENTE,ABRIR_ORACION_2\AL-FRENTE_4.mp4,ABRIR_ORACION_2.mp4,Yo abro la ventana y miro al frente.eaf,ABRIR_ORACION_2.mp4
asomar,ASOMAR,ABRIR_ORACION_2\ASOMAR_5.mp4,ABRIR_ORACION_2.mp4,Yo abro la ventana y miro al frente.eaf,ABRIR_ORACION_2.mp4
calor,CALOR,ABRIR_ORACION_3\CALOR_2.mp4,ABRIR_ORACION_3.mp4,Estaba durmiendo y fui a abrir la ventana porque hacía calor. Me sentí mejor y volví a dormir.eaf,ABRIR_ORACION_3.mp4
dormir,DORMIR,ABRIR_ORACION_3\DORMIR_1.mp4,ABRIR_ORACION_3.mp4,Estaba durmiendo y fui a abrir la ventana porque hacía calor. Me sentí mejor y volví a dormir.eaf,ABRIR_ORACION_3.mp4
abrir,ABRIR-PUERTA,ABRIR_ORACION_4\ABRIR-PUERTA_3.mp4,ABRIR_ORACION_4.mp4,"Camino hacia la puerta, la abro y entro a la oficina.eaf",ABRIR_ORACION_4.mp4
entrar,ENTRAR,ABRIR_ORACION_4\ENTRAR_4.mp4,ABRIR_ORACION_4.mp4,"Camino hacia la puerta, la abro y entro a la oficina.eaf",ABRIR_ORACION_4.mp4
oficina,OFICINA,ABRIR_ORACION_4\OFICINA_5.mp4,ABRIR_ORACION_4.mp4,"Camino hacia la puerta, la abro y entro a la oficina.eaf",ABRIR_ORACION_4.mp4
desenrroscar,DESENRROSCAR-TAPA,ABRIR_ORACION_5\DESENRROSCAR-TAPA_3.mp4,ABRIR_ORACION_5.mp4,"Yo preparo en una olla y vi el frasco, lo abro, echo dos cucharadas a la olla cierro el frasco y mezclo lo que hay en la olla.eaf",ABRIR_ORACION_5.mp4
cucharada,ECHAR-CUCHARADA,ABRIR_ORACION_5\ECHAR-CUCHARADA_5.mp4,ABRIR_ORACION_5.mp4,"Yo preparo en una olla y vi el frasco, lo abro, echo dos cucharadas a la olla cierro el frasco y mezclo lo que hay en la olla.eaf",ABRIR_ORACION_5.mp4
tapa,LEVANTAR-TAPA,ABRIR_ORACION_5\LEVANTAR-TAPA_4.mp4,ABRIR_ORACION_5.mp4,"Yo preparo en una olla y vi el frasco, lo abro, echo dos cucharadas a la olla cierro el frasco y mezclo lo que hay en la olla.eaf",ABRIR_ORACION_5.mp4
mezclar,MEZCLAR,ABRIR_ORACION_5\MEZCLAR_2.mp4,ABRIR_ORACION_5.mp4,"Yo preparo en una olla y vi el frasco, lo abro, echo dos cucharadas a la olla cierro el frasco y mezclo lo que hay en la olla.eaf",ABRIR_ORACION_5.mp4
aburrido,ABURRIDO,ABURRIDO_ORACION_1\ABURRIDO_4.mp4,ABURRIDO_ORACION_1.mp4,Me aburre salir a trabajar.eaf,ABURRIDO_ORACION_1.mp4
ir,IR,ABURRIDO_ORACION_1\IR_2.mp4,ABURRIDO_ORACION_1.mp4,Me aburre salir a trabajar.eaf,ABURRIDO_ORACION_1.mp4
trabajar,TRABAJAR,ABURRIDO_ORACION_1\TRABAJAR_3.mp4,ABURRIDO_ORACION_1.mp4,Me aburre salir a trabajar.eaf,ABURRIDO_ORACION_1.mp4
bailar,BAILAR,ABURRIDO_ORACION_3\BAILAR_3.mp4,ABURRIDO_ORACION_3.mp4,Yo ir a bailar Qué aburrido.eaf,ABURRIDO_ORACION_3.mp4
ayudar,AYUDAR,ABURRIDO_ORACION_4\AYUDAR_2.mp4,ABURRIDO_ORACION_4.mp4,Vienes a ayudarme - Oh que aburrido.eaf,ABURRIDO_ORACION_4.mp4
ven,VEN,ABURRIDO_ORACION_4\VEN_1.mp4,ABURRIDO_ORACION_4.mp4,Vienes a ayudarme - Oh que aburrido.eaf,ABURRIDO_ORACION_4.mp4
acercar él,ACERCARSE,ACERCARSE_1_ORACION\ACERCARSE_1.mp4,ACERCARSE_1_ORACION.mp4,Hoy me encontré a Juan por sorpresa.eaf,ACERCAR_ORACION_2.mp4
hoy,HOY,ACERCARSE_1_ORACION\HOY_2.mp4,ACERCARSE_1_ORACION.mp4,Hoy me encontré a Juan por sorpresa.eaf,ACERCAR_ORACION_2.mp4
juan,JUAN,ACERCARSE_1_ORACION\JUAN_3.mp4,ACERCARSE_1_ORACION.mp4,Hoy me encontré a Juan por sorpresa.eaf,ACERCAR_ORACION_2.mp4
adivina,ADIVINA,ADIVINA_ORACION\ADIVINA_5.mp4,ADIVINA_ORACION.mp4,"Por curiosidad, quisiera saber con un adivino quién me ha robado el dinero.eaf",ADIVINA_ORACION_1.mp4
curiosidad,CURIOSIDAD,ADIVINA_ORACION\CURIOSIDAD_4.mp4,ADIVINA_ORACION.mp4,"Por curiosidad, quisiera saber con un adivino quién me ha robado el dinero.eaf",ADIVINA_ORACION_1.mp4
dinero,DINERO,ADIVINA_ORACION\DINERO_2.mp4,ADIVINA_ORACION.mp4,"Por curiosidad, quisiera saber con un adivino quién me ha robado el dinero.eaf",ADIVINA_ORACION_1.mp4
robar,ROBAR,ADIVINA_ORACION\ROBAR_3.mp4,ADIVINA_ORACION.mp4,"Por curiosidad, quisiera saber con un adivino quién me ha robado el dinero.eaf",ADIVINA_ORACION_1.mp4
saber,SABER,ADIVINA_ORACION\SABER_1.mp4,ADIVINA_ORACION.mp4,"Por curiosidad, quisiera saber con un adivino quién me ha robado el dinero.eaf",ADIVINA_ORACION_1.mp4
ahi,AHI,AHI_ORACION\AHI_1.mp4,AHI_ORACION.mp4,"Ahí, dame el pan de ahí, ahí.eaf",AHI_ORACION_1.mp4
dar,DARME,AHI_ORACION\DARME_2.mp4,AHI_ORACION.mp4,"Ahí, dame el pan de ahí, ahí.eaf",AHI_ORACION_1.mp4
pan,PAN,AHI_ORACION\PAN_3.mp4,AHI_ORACION.mp4,"Ahí, dame el pan de ahí, ahí.eaf",AHI_ORACION_1.mp4
ahora,AHORA,AHORA_1_ORACION\AHORA_1.mp4,AHORA_1_ORACION.mp4,Ahora me cambio la ropa..eaf,AHORA_ORACION_1.mp4
cambiar,CAMBIAR-ROPAS,AHORA_1_ORACION\CAMBIAR-ROPAS_3.mp4,AHORA_1_ORACION.mp4,Ahora me cambio la ropa..eaf,AHORA_ORACION_1.mp4
estudiar,ESTUDIAR,AHORA_2_ORACION\ESTUDIAR_2.mp4,AHORA_2_ORACION.mp4,Ahora tienes que estudiar..eaf,AHORA_ORACION_2.mp4
hombre,HOMBRE,AJA_ORACION_1\HOMBRE_6.mp4,AJA_ORACION_1.mp4,"Hoy vi pasar caminando a un hombre, lo ví por ahí.eaf",AJA_ORACION_1.mp4
pasar,PASAR-CAMINAR,AJA_ORACION_1\PASAR-CAMINAR_4.mp4,AJA_ORACION_1.mp4,"Hoy vi pasar caminando a un hombre, lo ví por ahí.eaf",AJA_ORACION_1.mp4
uno,UNO,AJA_ORACION_1\UNO_5.mp4,AJA_ORACION_1.mp4,"Hoy vi pasar caminando a un hombre, lo ví por ahí.eaf",AJA_ORACION_1.mp4
atrapar,ATRAPAR,AJA_ORACION_2\ATRAPAR_4.mp4,AJA_ORACION_2.mp4,"Hoy yo lo atrapé junto a una mujer. Quién, no sé.eaf",AJA_ORACION_2.mp4
junto,JUNTO,AJA_ORACION_2\JUNTO_5.mp4,AJA_ORACION_2.mp4,"Hoy yo lo atrapé junto a una mujer. Quién, no sé.eaf",AJA_ORACION_2.mp4
mujer,MUJER,AJA_ORACION_2\MUJER_6.mp4,AJA_ORACION_2.mp4,"Hoy yo lo atrapé junto a una mujer. Quién, no sé.eaf",AJA_ORACION_2.mp4
desconocer,NO-SABER,AJA_ORACION_2\NO-SABER_8.mp4,AJA_ORACION_2.mp4,"Hoy yo lo atrapé junto a una mujer. Quién, no sé.eaf",AJA_ORACION_2.mp4
quien,QUIEN,AJA_ORACION_2\QUIEN_7.mp4,AJA_ORACION_2.mp4,"Hoy yo lo atrapé junto a una mujer. Quién, no sé.eaf",AJA_ORACION_2.mp4
persona,DOS-PERSONAS,AJA_ORACION_3\DOS-PERSONAS_3.mp4,AJA_ORACION_3.mp4,Yo ya las vi a esas dos personas señando y ya lo capté.eaf,AJA_ORACION_3.mp4
señar,SEÑAR,AJA_ORACION_3\SEÑAR_4.mp4,AJA_ORACION_3.mp4,Yo ya las vi a esas dos personas señando y ya lo capté.eaf,AJA_ORACION_3.mp4
ya,YA-VER,AJA_ORACION_3\YA-VER_2.mp4,AJA_ORACION_3.mp4,Yo ya las vi a esas dos personas señando y ya lo capté.eaf,AJA_ORACION_3.mp4
ya,YA,AJA_ORACION_3\YA_8.mp4,AJA_ORACION_3.mp4,Yo ya las vi a esas dos personas señando y ya lo capté.eaf,AJA_ORACION_3.mp4
captar,CAPTAR,AJA_ORACION_4\CAPTAR_2.mp4,AJA_ORACION_4.mp4,"Yo capté que comía una manzana. Quién, capté que él.eaf",AJA_ORACION_4.mp4
comer,COMER-MANZANA,AJA_ORACION_4\COMER-MANZANA_3.mp4,AJA_ORACION_4.mp4,"Yo capté que comía una manzana. Quién, capté que él.eaf",AJA_ORACION_4.mp4
el,EL,AJA_ORACION_4\EL_6.mp4,AJA_ORACION_4.mp4,"Yo capté que comía una manzana. Quién, capté que él.eaf",AJA_ORACION_4.mp4
dos,DOS,AJA_ORACION_5\DOS_4.mp4,AJA_ORACION_5.mp4,Yo capté a dos hombres caminando por ahí y entraron a una oficina.eaf,AJA_ORACION_5.mp4
alguno,ALGUNOS,ALGUNOS_1_ORACION\ALGUNOS_3.mp4,ALGUNOS_1_ORACION.mp4,"Algún problema - No sé, pero para algunos sí.eaf",ALGUNOS_ORACION_1.mp4
problema,PROBLEMA,ALGUNOS_1_ORACION\PROBLEMA_1.mp4,ALGUNOS_1_ORACION.mp4,"Algún problema - No sé, pero para algunos sí.eaf",ALGUNOS_ORACION_1.mp4
libro,LIBRO,ALGUNOS_2_ORACION\LIBRO_3.mp4,ALGUNOS_2_ORACION.mp4,"Yo había visto un libro aquí - No sé, pero allí hay algunas personas.eaf",ALGUNOS_ORACION_2.mp4
alla,ALLA,ALLA_ORACION\ALLA_7.mp4,ALLA_ORACION.mp4,"Oye, yo busco a mi hijo, dónde está. Por allá. Ah, ahí estás.eaf",ALLA_ORACION_1.mp4
buscar,BUSCAR,ALLA_ORACION\BUSCAR_3.mp4,ALLA_ORACION.mp4,"Oye, yo busco a mi hijo, dónde está. Por allá. Ah, ahí estás.eaf",ALLA_ORACION_1.mp4
donde,DONDE,ALLA_ORACION\DONDE_6.mp4,ALLA_ORACION.mp4,"Oye, yo busco a mi hijo, dónde está. Por allá. Ah, ahí estás.eaf",ALLA_ORACION_1.mp4
hijo,HIJO,ALLA_ORACION\HIJO_5.mp4,ALLA_ORACION.mp4,"Oye, yo busco a mi hijo, dónde está. Por allá. Ah, ahí estás.eaf",ALLA_ORACION_1.mp4
oye,OYE,ALLA_ORACION\OYE_2.mp4,ALLA_ORACION.mp4,"Oye, yo busco a mi hijo, dónde está. Por allá. Ah, ahí estás.eaf",ALLA_ORACION_1.mp4
mucho,MUY-ALTO,ALTO_ALTURA_ORACION\MUY-ALTO_5.mp4,ALTO_ALTURA_ORACION.mp4,He visto a un hombre muy alto.eaf,ALTO_ORACION_1.mp4
uy,UY,ALTO_ALTURA_ORACION\UY_6.mp4,ALTO_ALTURA_ORACION.mp4,He visto a un hombre muy alto.eaf,ALTO_ORACION_1.mp4
amanecer,AMANECER,AMANECER_1_ORACION\AMANECER_5.mp4,AMANECER_1_ORACION.mp4,Ellos mientras señaban vieron el amanecer.eaf,AMANECER_ORACION_1.mp4
conversar,CONVERSAR,AMANECER_1_ORACION\CONVERSAR_4.mp4,AMANECER_1_ORACION.mp4,Ellos mientras señaban vieron el amanecer.eaf,AMANECER_ORACION_1.mp4
ellos,ELLOS,AMANECER_1_ORACION\ELLOS_1.mp4,AMANECER_1_ORACION.mp4,Ellos mientras señaban vieron el amanecer.eaf,AMANECER_ORACION_1.mp4
interactuar,INTERACTUAR,AMANECER_2_ORACION\INTERACTUAR_3.mp4,AMANECER_2_ORACION.mp4,Hay mucha gente interactuando hasta el amanecer.eaf,AMANECER_ORACION_2.mp4
mucho,MUCHO,AMANECER_2_ORACION\MUCHO_2.mp4,AMANECER_2_ORACION.mp4,Hay mucha gente interactuando hasta el amanecer.eaf,AMANECER_ORACION_2.mp4
persona,PERSONAS,AMANECER_2_ORACION\PERSONAS_1.mp4,AMANECER_2_ORACION.mp4,Hay mucha gente interactuando hasta el amanecer.eaf,AMANECER_ORACION_2.mp4
todo,TODA-LA-NOCHE,AMANECER_3_ORACION\TODA-LA-NOCHE_2.mp4,AMANECER_3_ORACION.mp4,Dormí toda la noche hasta el amanecer.eaf,AMANECER_ORACION_3.mp4
amigo,AMIGO,AMIGO_ORACION\AMIGO_3.mp4,AMIGO_ORACION.mp4,"El y yo fuimos amigos de muchos años, fuimos buenos amigos.eaf",AMIGO_ORACION_1.mp4
ant,ANTES,AMIGO_ORACION\ANTES_2.mp4,AMIGO_ORACION.mp4,"El y yo fuimos amigos de muchos años, fuimos buenos amigos.eaf",AMIGO_ORACION_1.mp4
año,AÑO,AMIGO_ORACION\AÑO_4.mp4,AMIGO_ORACION.mp4,"El y yo fuimos amigos de muchos años, fuimos buenos amigos.eaf",AMIGO_ORACION_1.mp4
bien,BIEN,AMIGO_ORACION\BIEN_5.mp4,AMIGO_ORACION.mp4,"El y yo fuimos amigos de muchos años, fuimos buenos amigos.eaf",AMIGO_ORACION_1.mp4
anillo,ANILLO,ANILLO_ORACION\ANILLO_4.mp4,ANILLO_ORACION.mp4,Me voy a comprar el anillo.eaf,ANILLO_ORACION_1.mp4
comprar,COMPRAR,ANILLO_ORACION\COMPRAR_3.mp4,ANILLO_ORACION.mp4,Me voy a comprar el anillo.eaf,ANILLO_ORACION_1.mp4
anochecer,ANOCHECER,ANOCHECER_ORACION\ANOCHECER_3.mp4,ANOCHECER_ORACION.mp4,Yo tipeaba hasta el amanecer.eaf,ANOCHECER_ORACION_1.mp4
tipear,TIPEAR,ANOCHECER_ORACION\TIPEAR_2.mp4,ANOCHECER_ORACION.mp4,Yo tipeaba hasta el amanecer.eaf,ANOCHECER_ORACION_1.mp4
avisar,AVISAR,ANTES_ORACION\AVISAR_5.mp4,ANTES_ORACION.mp4,"Me falta comer, no me avisaste nada. Avísame antes.eaf",ANTES_ORACION_1.mp4
comer,COMER,ANTES_ORACION\COMER_2.mp4,ANTES_ORACION.mp4,"Me falta comer, no me avisaste nada. Avísame antes.eaf",ANTES_ORACION_1.mp4
falta,FALTA,ANTES_ORACION\FALTA_3.mp4,ANTES_ORACION.mp4,"Me falta comer, no me avisaste nada. Avísame antes.eaf",ANTES_ORACION_1.mp4
nada,NADA,ANTES_ORACION\NADA_6.mp4,ANTES_ORACION.mp4,"Me falta comer, no me avisaste nada. Avísame antes.eaf",ANTES_ORACION_1.mp4
atardecer,ATARDECER,ATARDECER_ORACION\ATARDECER_3.mp4,ATARDECER_ORACION.mp4,"Yo caminé con alguien, atardeció, seguimos caminando hasta la noche.eaf",ATARDECER_ORACION_1.mp4
caminar,CAMINAR-DOS-PERSONAS,ATARDECER_ORACION\CAMINAR-DOS-PERSONAS_2.mp4,ATARDECER_ORACION.mp4,"Yo caminé con alguien, atardeció, seguimos caminando hasta la noche.eaf",ATARDECER_ORACION_1.mp4
noche,NOCHE,ATARDECER_ORACION\NOCHE_5.mp4,ATARDECER_ORACION.mp4,"Yo caminé con alguien, atardeció, seguimos caminando hasta la noche.eaf",ATARDECER_ORACION_1.mp4
bajar,BAJAR-ESCALERA,BAJAR_CAER_ORACION\BAJAR-ESCALERA_2.mp4,BAJAR_CAER_ORACION.mp4,Iba bajando por la escalera y me caí..eaf,BAJAR_ORACION_2.mp4
caer,CAER-ESCALERA,BAJAR_CAER_ORACION\CAER-ESCALERA_3.mp4,BAJAR_CAER_ORACION.mp4,Iba bajando por la escalera y me caí..eaf,BAJAR_ORACION_2.mp4
caer,CAER,BAJAR_CAER_ORACION_2\CAER_5.mp4,BAJAR_CAER_ORACION_2.mp4,"Yo caminaba, miré algo, me tropecé y me caí por no darme cuenta.eaf",BAJAR_ORACION_1.mp4
no,NO-DARSE-CUENTA,BAJAR_CAER_ORACION_2\NO-DARSE-CUENTA_6.mp4,BAJAR_CAER_ORACION_2.mp4,"Yo caminaba, miré algo, me tropecé y me caí por no darme cuenta.eaf",BAJAR_ORACION_1.mp4
tropezar,TROPEZAR,BAJAR_CAER_ORACION_2\TROPEZAR_4.mp4,BAJAR_CAER_ORACION_2.mp4,"Yo caminaba, miré algo, me tropecé y me caí por no darme cuenta.eaf",BAJAR_ORACION_1.mp4
persona,PERSONA-PEQUEÑA,BAJITO_ENANO_ORACION\PERSONA-PEQUEÑA_1.mp4,BAJITO_ENANO_ORACION.mp4,Tú eres una persona pequeña.eaf,BAJO_ORACION_1.mp4
alto,ALTO,BAJO_ORACION\ALTO_2.mp4,BAJO_ORACION.mp4,Yo soy alta y tú eres de baja estatura.eaf,BAJO_ORACION_2.mp4
baja,BAJA-ESTATURA,BAJO_ORACION\BAJA-ESTATURA_3.mp4,BAJO_ORACION.mp4,Yo soy alta y tú eres de baja estatura.eaf,BAJO_ORACION_2.mp4
mucha,MUCHA,BASTANTE_2_ORACION\MUCHA_4.mp4,BASTANTE_2_ORACION.mp4,"Uy, yo vi ahí a muchas personas que se juntaron.eaf",BASTANTE_ORACION_1.mp4
persona,PERSONAS-JUNTAS,BASTANTE_2_ORACION\PERSONAS-JUNTAS_3.mp4,BASTANTE_2_ORACION.mp4,"Uy, yo vi ahí a muchas personas que se juntaron.eaf",BASTANTE_ORACION_1.mp4
pila,PILA,BASTANTE_APILABLE_ORACION\PILA_2.mp4,BASTANTE_APILABLE_ORACION.mp4,Yo tengo una pila. De qué. Trabajo.eaf,BASTANTE_ORACION_2.mp4
que,QUE,BASTANTE_APILABLE_ORACION\QUE_3.mp4,BASTANTE_APILABLE_ORACION.mp4,Yo tengo una pila. De qué. Trabajo.eaf,BASTANTE_ORACION_2.mp4
llave,LLAVE,BASTANTE_COSAS_Y_PERSONAS_1_ORACION\LLAVE_3.mp4,BASTANTE_COSAS_Y_PERSONAS_1_ORACION.mp4,Yo vi ahí muchas llaves.eaf,BASTANTE_ORACION_3.mp4
bolsillo,BOLSILLO,BASTANTE_DINERO_ORACION\BOLSILLO_2.mp4,BASTANTE_DINERO_ORACION.mp4,"Yo, en el bolsillo, tengo mucho dinero.eaf",BASTANTE_ORACION_4.mp4
mucho,MUCHO-DINERO,BASTANTE_DINERO_ORACION\MUCHO-DINERO_4.mp4,BASTANTE_DINERO_ORACION.mp4,"Yo, en el bolsillo, tengo mucho dinero.eaf",BASTANTE_ORACION_4.mp4
estar,ESTAR-BIEN,BIEN_2_ORACION\ESTAR-BIEN_1.mp4,BIEN_2_ORACION.mp4,Tu estas bien.eaf,BIEN_ORACION_6.mp4
abuelo,ABUELO,BIEN_ORACION_3\ABUELO_1.mp4,BIEN_ORACION_3.mp4,Tu abuelo está en el hospital - El está bien..eaf,BIEN_ORACION_3.mp4
hospital,HOSPITAL,BIEN_ORACION_3\HOSPITAL_2.mp4,BIEN_ORACION_3.mp4,Tu abuelo está en el hospital - El está bien..eaf,BIEN_ORACION_3.mp4
pelota,PELOTA,BOLA_ORACION\PELOTA_3.mp4,BOLA_ORACION.mp4,Yo compro una pelota.eaf,BOLA_ORACION_1.mp4
bote,BOTE,BOTE_ORACION\BOTE_4.mp4,BOTE_ORACION.mp4,Yo vi un bote grande.eaf,BOTE_ORACION_2.mp4
grande,GRANDE,BOTE_ORACION\GRANDE_3.mp4,BOTE_ORACION.mp4,Yo vi un bote grande.eaf,BOTE_ORACION_2.mp4
bonito,BONITO,CAER_EL_SOL_1_ORACION\BONITO_3.mp4,CAER_EL_SOL_1_ORACION.mp4,Yo veo el bonito atardecer en el mar.eaf,CAER_ORACION_1.mp4
mar,MAR,CAER_EL_SOL_1_ORACION\MAR_4.mp4,CAER_EL_SOL_1_ORACION.mp4,Yo veo el bonito atardecer en el mar.eaf,CAER_ORACION_1.mp4
carro,CARRO,CAER_EL_SOL_2_ORACION\CARRO_6.mp4,CAER_EL_SOL_2_ORACION.mp4,Yo quiero ir de viaje en carro para ver el atardecer.eaf,CAER_ORACION_2.mp4
querer,QUERER,CAER_EL_SOL_2_ORACION\QUERER_3.mp4,CAER_EL_SOL_2_ORACION.mp4,Yo quiero ir de viaje en carro para ver el atardecer.eaf,CAER_ORACION_2.mp4
viaje,VIAJE,CAER_EL_SOL_2_ORACION\VIAJE_5.mp4,CAER_EL_SOL_2_ORACION.mp4,Yo quiero ir de viaje en carro para ver el atardecer.eaf,CAER_ORACION_2.mp4
jugar,JUGAR,CAER_GOTAS_DE_SUDOR_1_ORACION\JUGAR_2.mp4,CAER_GOTAS_DE_SUDOR_1_ORACION.mp4,"Yo jugué mucho tiempo, ya está atardeciendo y ya estoy sudando.eaf",CAER_ORACION_3.mp4
mucho,MUCHO-TIEMPO,CAER_GOTAS_DE_SUDOR_1_ORACION\MUCHO-TIEMPO_3.mp4,CAER_GOTAS_DE_SUDOR_1_ORACION.mp4,"Yo jugué mucho tiempo, ya está atardeciendo y ya estoy sudando.eaf",CAER_ORACION_3.mp4
sudar,SUDAR,CAER_GOTAS_DE_SUDOR_1_ORACION\SUDAR_7.mp4,CAER_GOTAS_DE_SUDOR_1_ORACION.mp4,"Yo jugué mucho tiempo, ya está atardeciendo y ya estoy sudando.eaf",CAER_ORACION_3.mp4
mi,MI,CAER_GOTAS_DE_SUDOR_2_ORACION\MI_1.mp4,CAER_GOTAS_DE_SUDOR_2_ORACION.mp4,Yo veo a mi amigo sudar mucho.eaf,CAER_ORACION_4.mp4
sudar,SUDAR-MUCHO,CAER_GOTAS_DE_SUDOR_2_ORACION\SUDAR-MUCHO_6.mp4,CAER_GOTAS_DE_SUDOR_2_ORACION.mp4,Yo veo a mi amigo sudar mucho.eaf,CAER_ORACION_4.mp4
arete,ARETE,CAJA_ESTUCHE_ORACION\ARETE_2.mp4,CAJA_ESTUCHE_ORACION.mp4,En una caja pequeña guardo aretes y el anillo.eaf,CAJA_ORACION_3.mp4
caja,CAJA-PEQUEÑA,CAJA_ESTUCHE_ORACION\CAJA-PEQUEÑA_1.mp4,CAJA_ESTUCHE_ORACION.mp4,En una caja pequeña guardo aretes y el anillo.eaf,CAJA_ORACION_3.mp4
guardar,GUARDAR,CAJA_ESTUCHE_ORACION\GUARDAR_3.mp4,CAJA_ESTUCHE_ORACION.mp4,En una caja pequeña guardo aretes y el anillo.eaf,CAJA_ORACION_3.mp4
caja,CAJA,CAJA_ORACION_1\CAJA_1.mp4,CAJA_ORACION_1.mp4,En una caja guardo cosas y la cargo.eaf,CAJA_ORACION_1.mp4
cargar,CARGAR,CAJA_ORACION_1\CARGAR_4.mp4,CAJA_ORACION_1.mp4,En una caja guardo cosas y la cargo.eaf,CAJA_ORACION_1.mp4
cargar,CARGAR-CAJA,CAJA_ORACION_2\CARGAR-CAJA_3.mp4,CAJA_ORACION_2.mp4,Tráeme la caja grande y la cargo.eaf,CAJA_ORACION_2.mp4
traer,TRAER-CAJA,CAJA_ORACION_2\TRAER-CAJA_2.mp4,CAJA_ORACION_2.mp4,Tráeme la caja grande y la cargo.eaf,CAJA_ORACION_2.mp4
cerrar,CERRAR-CAJÓN,CAJON_1_ORACION_TOMA2\CERRAR-CAJÓN_5.mp4,CAJON_1_ORACION_TOMA2.mp4,"Doblé la ropa, ya la guardé y cerré el cajón.eaf",CAJON_ORACION_1.mp4
doblar,DOBLAR,CAJON_1_ORACION_TOMA2\DOBLAR_2.mp4,CAJON_1_ORACION_TOMA2.mp4,"Doblé la ropa, ya la guardé y cerré el cajón.eaf",CAJON_ORACION_1.mp4
ropa,ROPA,CAJON_1_ORACION_TOMA2\ROPA_1.mp4,CAJON_1_ORACION_TOMA2.mp4,"Doblé la ropa, ya la guardé y cerré el cajón.eaf",CAJON_ORACION_1.mp4
abrir,ABRIR-CAJÓN,CAJON_2_ORACION\ABRIR-CAJÓN_4.mp4,CAJON_2_ORACION.mp4,"Veo el cajón, lo abro, guardo los libros y al terminar lo cierro.eaf",CAJON_ORACION_2.mp4
empujar,EMPUJAR,CAJON_2_ORACION\EMPUJAR_6.mp4,CAJON_2_ORACION.mp4,"Veo el cajón, lo abro, guardo los libros y al terminar lo cierro.eaf",CAJON_ORACION_2.mp4
libro,LIBROS,CAJON_2_ORACION\LIBROS_1.mp4,CAJON_2_ORACION.mp4,"Veo el cajón, lo abro, guardo los libros y al terminar lo cierro.eaf",CAJON_ORACION_2.mp4
helado,HELADO,CALOR_ORACION\HELADO_5.mp4,CALOR_ORACION.mp4,"Pucha, yo quiero helado, ya salió el sol y hace calor.eaf",CALOR_ORACION_1.mp4
pucha,PUCHA,CALOR_ORACION\PUCHA_1.mp4,CALOR_ORACION.mp4,"Pucha, yo quiero helado, ya salió el sol y hace calor.eaf",CALOR_ORACION_1.mp4
sol,SOL,CALOR_ORACION\SOL_7.mp4,CALOR_ORACION.mp4,"Pucha, yo quiero helado, ya salió el sol y hace calor.eaf",CALOR_ORACION_1.mp4
camarote,CAMAROTE,CAMA_CAMAROTE_ORACION\CAMAROTE_8.mp4,CAMA_CAMAROTE_ORACION.mp4,Mis cuatro amigos necesitan un camarote para echarse.eaf,CAMA_ORACION_2.mp4
cuatro,CUATRO,CAMA_CAMAROTE_ORACION\CUATRO_6.mp4,CAMA_CAMAROTE_ORACION.mp4,Mis cuatro amigos necesitan un camarote para echarse.eaf,CAMA_ORACION_2.mp4
echado,ECHADO,CAMA_CAMAROTE_ORACION\ECHADO_10.mp4,CAMA_CAMAROTE_ORACION.mp4,Mis cuatro amigos necesitan un camarote para echarse.eaf,CAMA_ORACION_2.mp4
necesitar,NECESITAR,CAMA_CAMAROTE_ORACION\NECESITAR_7.mp4,CAMA_CAMAROTE_ORACION.mp4,Mis cuatro amigos necesitan un camarote para echarse.eaf,CAMA_ORACION_2.mp4
persona,PERSONA,CAMA_CAMAROTE_ORACION\PERSONA_3.mp4,CAMA_CAMAROTE_ORACION.mp4,Mis cuatro amigos necesitan un camarote para echarse.eaf,CAMA_ORACION_2.mp4
cama,CAMA,CAMA_ORACION\CAMA_7.mp4,CAMA_ORACION.mp4,"Ya es mi hora de dormir, me voy a la cama.eaf",CAMA_ORACION_1.mp4
tiempo,TIEMPO,CAMA_ORACION\TIEMPO_2.mp4,CAMA_ORACION.mp4,"Ya es mi hora de dormir, me voy a la cama.eaf",CAMA_ORACION_1.mp4
bueno,BUENO,CAMINAR_2_ORACION\BUENO_3.mp4,CAMINAR_2_ORACION.mp4,"Bueno, yo te digo que ahora camino lento por cansancio.eaf",CAMINAR_ORACION_2.mp4
decir,DECIR,CAMINAR_2_ORACION\DECIR_2.mp4,CAMINAR_2_ORACION.mp4,"Bueno, yo te digo que ahora camino lento por cansancio.eaf",CAMINAR_ORACION_2.mp4
lento,LENTO,CAMINAR_2_ORACION\LENTO_5.mp4,CAMINAR_2_ORACION.mp4,"Bueno, yo te digo que ahora camino lento por cansancio.eaf",CAMINAR_ORACION_2.mp4
persona,PERSONA-CAMINAR,CAMINAR_2_ORACION\PERSONA-CAMINAR_6.mp4,CAMINAR_2_ORACION.mp4,"Bueno, yo te digo que ahora camino lento por cansancio.eaf",CAMINAR_ORACION_2.mp4
ave,AVE,CAMINAR_AVES_ORACION\AVE_4.mp4,CAMINAR_AVES_ORACION.mp4,"Ví a un ave por la calle caminando, un pato, allá. Me quedé sorprendida que pasaba.eaf",CAMINAR_ORACION_3.mp4
calle,CALLE,CAMINAR_AVES_ORACION\CALLE_2.mp4,CAMINAR_AVES_ORACION.mp4,"Ví a un ave por la calle caminando, un pato, allá. Me quedé sorprendida que pasaba.eaf",CAMINAR_ORACION_3.mp4
caminar,CAMINAR-AVE,CAMINAR_AVES_ORACION\CAMINAR-AVE_5.mp4,CAMINAR_AVES_ORACION.mp4,"Ví a un ave por la calle caminando, un pato, allá. Me quedé sorprendida que pasaba.eaf",CAMINAR_ORACION_3.mp4
pasar,PASAR-AVE,CAMINAR_AVES_ORACION\PASAR-AVE_9.mp4,CAMINAR_AVES_ORACION.mp4,"Ví a un ave por la calle caminando, un pato, allá. Me quedé sorprendida que pasaba.eaf",CAMINAR_ORACION_3.mp4
pato,PATO,CAMINAR_AVES_ORACION\PATO_6.mp4,CAMINAR_AVES_ORACION.mp4,"Ví a un ave por la calle caminando, un pato, allá. Me quedé sorprendida que pasaba.eaf",CAMINAR_ORACION_3.mp4
sorpresa,SORPRESA,CAMINAR_AVES_ORACION\SORPRESA_8.mp4,CAMINAR_AVES_ORACION.mp4,"Ví a un ave por la calle caminando, un pato, allá. Me quedé sorprendida que pasaba.eaf",CAMINAR_ORACION_3.mp4
tienda,TIENDA,CAMINAR_PERSONA_1_ORACION\TIENDA_7.mp4,CAMINAR_PERSONA_1_ORACION.mp4,Yo dije que voy caminando a la tienda de allá para comprar.eaf,CAMINAR_ORACION_6.mp4
cargar,CARGAR-MOCHILA,CARGAR_MOCHILA_ORACION\CARGAR-MOCHILA_8.mp4,CARGAR_MOCHILA_ORACION.mp4,"Guardo varios libros, cierro la mochila, la cargo y está pesada.eaf",CARGAR_ORACION_1.mp4
cerrar,CERRAR-CIERRE,CARGAR_MOCHILA_ORACION\CERRAR-CIERRE_6.mp4,CARGAR_MOCHILA_ORACION.mp4,"Guardo varios libros, cierro la mochila, la cargo y está pesada.eaf",CARGAR_ORACION_1.mp4
levantar,LEVANTAR,CARGAR_MOCHILA_ORACION\LEVANTAR_7.mp4,CARGAR_MOCHILA_ORACION.mp4,"Guardo varios libros, cierro la mochila, la cargo y está pesada.eaf",CARGAR_ORACION_1.mp4
agarrar,AGARRAR-MIRAR-PENSAR,CASACA_ORACION\AGARRAR-MIRAR-PENSAR_4.mp4,CASACA_ORACION.mp4,"Yo agarro ropa, busco abrigos y escojo de ahí una casaca bonita para calentarme porque tenía frío y me voy caminando.eaf",CASACA_ORACION_1.mp4
agarrar,AGARRAR-ROPA,CASACA_ORACION\AGARRAR-ROPA_3.mp4,CASACA_ORACION.mp4,"Yo agarro ropa, busco abrigos y escojo de ahí una casaca bonita para calentarme porque tenía frío y me voy caminando.eaf",CASACA_ORACION_1.mp4
caliente,CALIENTE,CASACA_ORACION\CALIENTE_11.mp4,CASACA_ORACION.mp4,"Yo agarro ropa, busco abrigos y escojo de ahí una casaca bonita para calentarme porque tenía frío y me voy caminando.eaf",CASACA_ORACION_1.mp4
caminar,CAMINAR-PERSONA,CASACA_ORACION\CAMINAR-PERSONA_12.mp4,CASACA_ORACION.mp4,"Yo agarro ropa, busco abrigos y escojo de ahí una casaca bonita para calentarme porque tenía frío y me voy caminando.eaf",CASACA_ORACION_1.mp4
casaca,CASACA,CASACA_ORACION\CASACA_7.mp4,CASACA_ORACION.mp4,"Yo agarro ropa, busco abrigos y escojo de ahí una casaca bonita para calentarme porque tenía frío y me voy caminando.eaf",CASACA_ORACION_1.mp4
frio,FRIO,CASACA_ORACION\FRIO_8.mp4,CASACA_ORACION.mp4,"Yo agarro ropa, busco abrigos y escojo de ahí una casaca bonita para calentarme porque tenía frío y me voy caminando.eaf",CASACA_ORACION_1.mp4
poner,PONER,CASACA_ORACION\PONER_6.mp4,CASACA_ORACION.mp4,"Yo agarro ropa, busco abrigos y escojo de ahí una casaca bonita para calentarme porque tenía frío y me voy caminando.eaf",CASACA_ORACION_1.mp4
casa,CASA,CASA_ORACION_1\CASA_6.mp4,CASA_ORACION.mp4,"Cuando termina mi turno, voy caminando a mi casa.eaf",CASA_ORACION_1.mp4
terminar,TERMINAR,CASA_ORACION_1\TERMINAR_2.mp4,CASA_ORACION.mp4,"Cuando termina mi turno, voy caminando a mi casa.eaf",CASA_ORACION_1.mp4
